CNAE,UF,count_contratos,valor_total,valor_medio,n_orgaos,n_meis
9001902,SC,89,20664948.0,232190.42696629214,51,72
7420001,MT,1,72000.0,72000.0,1,1
8230001,BA,40,20978079.0,524451.975,31,30
9521500,SP,32,1127278.0,35227.4375,17,15
7420004,PR,5,1373500.0,274700.0,4,4
1531901,SP,2,17100.0,8550.0,1,1
8230001,PB,16,4008076.0,250504.75,12,13
2539001,CE,2,241990.0,120995.0,2,2
3319800,PA,1,67000.0,67000.0,1,1
7420001,SP,12,9418229.0,784852.4166666666,10,12
5611203,76280005,26,84410.0,3246.5384615384614,1,1
9511800,DF,6,1883631.0,313938.5,5,2
8230001,ES,25,3574100.0,142964.0,19,16
4743100,MG,8,1170036.0,146254.5,7,5
4759801,BA,11,1585721.0,144156.45454545456,5,2
7729202,MT,1,174000.0,174000.0,1,1
4930201,SP,19,3808637.0,200454.57894736843,14,13
4520005,VILA NOVA,21,149250.0,7107.142857142857,1,1
7729202,SP,13,42446491.0,3265114.6923076925,7,7
8599604,80730460,1,120000.0,120000.0,1,1
4520005,SC,15,23567853.0,1571190.2,14,13
7319002,SP,35,6271234.0,179178.11428571428,25,20
5620104,PB,6,1042385.0,173730.83333333334,3,1
4761003,VILA GRIMPAS,1,2111673.0,2111673.0,1,1
4712100,MG,9,1831270.0,203474.44444444444,6,7
8219999,DF,3,12982.0,4327.333333333333,2,2
1813099,RS,13,497598.0,38276.769230769234,11,3
3314702,RS,1,12000.0,12000.0,1,1
1813001,RS,7,724073.0,103439.0,6,6
3299002,RS,5,26525.0,5305.0,1,1
4721102,PR,3,650890.0,216963.33333333334,2,2
7420004,RN,5,1750180.0,350036.0,5,3
5620104,ES,3,725930.0,241976.66666666666,3,1
1813001,GO,7,425980.0,60854.28571428572,3,2
4744099,MG,4,190464.0,47616.0,4,4
1749400,PR,1,24750.0,24750.0,1,1
5590699,BA,2,540560.0,270280.0,2,2
6399200,PE,1,28000.0,28000.0,1,1
4520003,PR,3,20554898.0,6851632.666666667,2,3
1411801,MG,1,264000.0,264000.0,1,1
4789007,GO,1,7400.0,7400.0,1,1
4763603,76280000,1,165000.0,165000.0,1,1
1813099,GO,9,92300.0,10255.555555555555,4,1
7729202,SITIOS VALE DAS BRISAS,1,15320.0,15320.0,1,1
4789001,GO,3,44875.0,14958.333333333334,2,1
3299099,PE,5,1200250.0,240050.0,5,3
5812302,PR,1,1.0,1.0,1,1
9001902,22730020,1,80000.0,80000.0,1,1
9609299,MG,8,545000.0,68125.0,6,7
4930204,ES,1,308000.0,308000.0,1,1
9529102,76270000,1,5500.0,5500.0,1,1
0159802,PR,4,19400.0,4850.0,1,1
5212500,SC,3,1348834.0,449611.3333333333,1,1
6190699,ES,2,5203857.0,2601928.5,2,1
4789001,RS,9,555000.0,61666.666666666664,7,8
4755502,PE,2,246400.0,123200.0,2,2
1749400,SE,1,25000.0,25000.0,1,1
4763602,MG,1,1077254.0,1077254.0,1,1
4783102,ES,2,110000.0,55000.0,2,1
9601701,SC,1,50400.0,50400.0,1,1
4761003,PR,3,5010486.0,1670162.0,3,3
5223100,MG,3,1704000.0,568000.0,2,3
1822901,RN,2,520000.0,260000.0,1,2
1091101,RJ,3,289590.0,96530.0,3,1
5620101,SP,10,1498125.0,149812.5,3,2
9529104,PR,1,28500.0,28500.0,1,1
4751201,MS,1,623720.0,623720.0,1,1
0161003,PR,2,6734035.0,3367017.5,1,2
5620104,BA,18,33114229.0,1839679.388888889,9,12
4520001,SC,1,158330.0,158330.0,1,1
8599604,SC,9,1499368.0,166596.44444444444,9,7
7420001,80035250,1,64800.0,64800.0,1,1
7420002,JARDIM BELA VISTA,1,270000.0,270000.0,1,1
4744001,DF,1,0.0,0.0,1,1
5590603,BA,2,1707480.0,853740.0,1,1
4761003,RJ,2,432877.0,216438.5,2,1
1096100,MG,6,1024321.0,170720.16666666666,5,5
4530703,BA,6,13314064.0,2219010.6666666665,3,6
1821100,PE,1,134380.0,134380.0,1,1
4761003,RN,2,444273.0,222136.5,2,1
2599399,RS,2,216500.0,108250.0,2,2
4721102,PI,1,350000.0,350000.0,1,1
4329101,RS,1,14800.0,14800.0,1,1
4756300,MG,2,544000.0,272000.0,2,2
8230001,22783115,1,800000.0,800000.0,1,1
4729699,SC,1,112000.0,112000.0,1,1
1351100,RS,1,34800.0,34800.0,1,1
8712300,76360000,1,400000.0,400000.0,1,1
8599699,TO,1,380000.0,380000.0,1,1
4789007,RS,1,37770.0,37770.0,1,1
1091101,RN,1,312784.0,312784.0,1,1
4782201,MG,2,724125.0,362062.5,2,2
4713002,BA,2,431200.0,215600.0,2,2
9329899,PA,1,110000.0,110000.0,1,1
1091101,PI,1,600000.0,600000.0,1,1
5819100,74393120,3,324384.0,108128.0,3,1
5811500,SETOR JAO,1,1239000.0,1239000.0,1,1
1352900,GO,6,309003.0,51500.5,3,2
3101200,76265000,2,16400.0,8200.0,1,1
7420004,RJ,1,315334.0,315334.0,1,1
4752100,PE,1,360000.0,360000.0,1,1
4520003,RN,1,14295000.0,14295000.0,1,1
3702900,PR,3,1419810.0,473270.0,3,1
7420004,SE,2,338400.0,169200.0,2,2
9700500,GO,2,374200.0,187100.0,2,2
9002702,SC,2,540405.0,270202.5,2,2
1412601,76270000,3,699890.0,233296.66666666666,2,1
3299002,GO,3,15000.0,5000.0,1,1
7319002,JARDIM GOIAS,1,109740.0,109740.0,1,1
9521500,MT,2,38000.0,19000.0,1,1
8592902,74655130,1,20300.0,20300.0,1,1
2740602,PR,1,93645.0,93645.0,1,1
3314709,SP,1,110000.0,110000.0,1,1
2532201,SC,1,85000.0,85000.0,1,1
5912099,SETOR NOSSA SENHORA DA PIEDADE,1,175614.0,175614.0,1,1
4789005,PB,2,1171722.0,585861.0,2,2
5320201,RJ,1,2893416.0,2893416.0,1,1
4329101,GO,3,181500.0,60500.0,3,1
9001902,24230540,1,165000.0,165000.0,1,1
4789005,BA,1,16400.0,16400.0,1,1
8299703,TO,1,6750.0,6750.0,1,1
4930204,PB,1,714030.0,714030.0,1,1
1412603,NOVA VILA JAIARA,3,270474.0,90158.0,3,1
3329501,14061470,1,260000.0,260000.0,1,1
3240099,RS,1,129040.0,129040.0,1,1
8299707,SP,1,117600.0,117600.0,1,1
8599699,76305000,1,259360.0,259360.0,1,1
4744004,GO,1,27000.0,27000.0,1,1
4721103,SC,64,883575.0,13805.859375,33,1
7420001,GO,19,4990780.0,262672.63157894736,12,9
5320201,PA,1,66500.0,66500.0,1,1
4924800,BA,147,586748653.0,3991487.4353741496,20,143
4754701,BA,5,1629234.0,325846.8,4,1
4930201,GO,21,7106623.0,338410.61904761905,11,7
9329899,RN,1,36000.0,36000.0,1,1
4781400,MG,39,10736188.0,275286.8717948718,30,13
4755501,MG,5,339809.0,67961.8,3,1
1813001,75833424,5,125000.0,25000.0,1,1
9329899,PR,12,3712490.0,309374.1666666667,5,5
3313901,MG,2,902800.0,451400.0,2,2
4541206,RS,1,126000.0,126000.0,1,1
8230002,CE,3,639116.0,213038.66666666666,1,1
9521500,GO,3,36000.0,12000.0,2,2
9001901,RJ,13,6303485.0,484883.46153846156,7,6
8599605,SC,1,85000.0,85000.0,1,1
9602502,MG,2,46000.0,23000.0,1,1
7729202,RS,18,1075150.0,59730.555555555555,6,5
3299002,SP,4,6150.0,1537.5,2,2
1412602,MG,7,408961.0,58423.0,5,6
2512800,SC,2,4737782.0,2368891.0,2,2
8130300,PR,5,7994156.0,1598831.2,4,5
7729202,GO,15,1285680.0,85712.0,11,9
9602501,SC,7,7578188.0,1082598.2857142857,7,7
1093701,MG,5,1112160.0,222432.0,4,3
4751201,MG,30,3993562.0,133118.73333333334,25,20
3314702,SP,2,152400.0,76200.0,1,1
3240099,SP,1,160000.0,160000.0,1,1
1813099,SP,10,1852250.0,185225.0,3,3
8592903,TO,1,50000.0,50000.0,1,1
4321500,SC,9,9085664.0,1009518.2222222222,9,9
9529102,SC,5,343490.0,68698.0,4,3
5612100,RO,8,1835114.0,229389.25,7,1
4789001,SP,7,124178.0,17739.714285714286,6,2
9521500,RS,6,2664150.0,444025.0,4,5
4789003,PR,3,1375429.0,458476.3333333333,2,1
4923001,PB,3,1134240.0,378080.0,2,3
4773300,MG,1,517500.0,517500.0,1,1
9601703,SP,3,235528.0,78509.33333333333,2,2
8592999,PE,10,790300.0,79030.0,6,8
4789007,SP,15,742289.0,49485.933333333334,11,3
4330405,SE,11,1500471.0,136406.45454545456,3,2
3101200,BA,5,17755340.0,3551068.0,4,4
4520001,76730000,2,41000.0,20500.0,1,1
7319002,GO,10,1395177.0,139517.7,8,6
4399103,PE,3,213000.0,71000.0,1,1
9329899,RJ,4,265000.0,66250.0,1,1
4924800,PB,22,29225376.0,1328426.1818181819,7,20
7420001,RS,26,11164642.0,429409.3076923077,20,20
9001901,SE,2,80000.0,40000.0,1,2
4743100,73970000,1,8200.0,8200.0,1,1
5620101,RS,1,21640.0,21640.0,1,1
7319002,RS,9,1698090.0,188676.66666666666,8,8
8599603,RJ,1,0.0,0.0,1,1
9511800,73760000,1,474000.0,474000.0,1,1
9001901,PR,142,11448123.0,80620.58450704225,7,72
1359600,JARDIM VITORIA,3,622000.0,207333.33333333334,1,1
7990200,SC,2,254050.0,127025.0,2,1
8219999,CE,9,8140924.0,904547.1111111111,5,5
8599603,RN,1,180000.0,180000.0,1,1
4924800,ES,2,740065.0,370032.5,2,2
8129000,77003338,1,430680.0,430680.0,1,1
3319800,RJ,1,270000.0,270000.0,1,1
4774100,PB,2,624578.0,312289.0,2,2
3101200,ES,3,327000.0,109000.0,2,1
9700500,SP,3,224000.0,74666.66666666667,2,2
4329101,SP,4,729860.0,182465.0,3,3
4712100,AM,1,47826.0,47826.0,1,1
1352900,SP,1,3600.0,3600.0,1,1
8599699,12221520,2,218400.0,109200.0,1,1
5812301,CE,1,167880.0,167880.0,1,1
5611204,SC,3,149646.0,49882.0,1,2
4763601,MG,1,999999.0,999999.0,1,1
4756300,MS,2,180000.0,90000.0,1,1
4759899,SC,2,117626.0,58813.0,2,1
3811400,BA,4,3696440.0,924110.0,3,4
1813001,SP,4,154110.0,38527.5,3,3
8230001,ASA SUL,1,65000.0,65000.0,1,1
4923001,BA,31,133353580.0,4301728.387096774,3,31
5611203,RO,2,69240.0,34620.0,2,2
7319099,75460000,2,785600.0,392800.0,2,1
4789007,MT,6,3642295.0,607049.1666666666,3,1
3101200,PB,1,650000.0,650000.0,1,1
5811500,BA,1,31450.0,31450.0,1,1
4930201,RS,6,8125681.0,1354280.1666666667,5,5
4789099,ES,2,346980.0,173490.0,2,2
4930202,SC,1,25000.0,25000.0,1,1
1531901,GO,1,318250.0,318250.0,1,1
4789002,ES,3,125540.0,41846.666666666664,2,2
4723700,RO,1,17500.0,17500.0,1,1
1351100,SP,1,82950.0,82950.0,1,1
5912001,SC,2,24000.0,12000.0,1,1
1412601,78600000,8,332895.0,41611.875,4,1
4763602,MS,2,51585.0,25792.5,2,1
3299003,MG,1,0.0,0.0,1,1
4789099,BA,4,6071807.0,1517951.75,3,3
7721700,CE,1,637260.0,637260.0,1,1
9700500,TEREZA CRISTINA,2,156600.0,78300.0,1,1
8599603,PR,2,474576.0,237288.0,2,2
4751201,13254413,1,2800.0,2800.0,1,1
5611201,RO,2,383472.0,191736.0,2,2
5812301,RO,1,362310.0,362310.0,1,1
5813100,MS,1,3399594.0,3399594.0,1,1
9511800,CE,7,1207200.0,172457.14285714287,5,2
2342702,75398000,1,390000.0,390000.0,1,1
8291100,RS,2,164800.0,82400.0,1,1
4712100,MS,1,228750.0,228750.0,1,1
8599699,CASA,1,15000.0,15000.0,1,1
4330404,BA,1,6118464.0,6118464.0,1,1
7723300,SC,1,81060.0,81060.0,1,1
4329101,APT 803,1,133400.0,133400.0,1,1
4744099,MS,2,217086.0,108543.0,2,1
9529105,DF,2,596499.0,298249.5,2,2
4520002,TO,1,145890.0,145890.0,1,1
1813099,76105000,3,139900.0,46633.333333333336,3,1
3299003,MA,1,644240.0,644240.0,1,1
4789002,BA,1,304680.0,304680.0,1,1
4761003,PA,1,653249.0,653249.0,1,1
0161003,PA,1,790800.0,790800.0,1,1
4330404,ES,1,230000.0,230000.0,1,1
7319099,77433270,1,18000.0,18000.0,1,1
5819100,PE,1,148920.0,148920.0,1,1
4789099,PB,1,102000.0,102000.0,1,1
4742300,RS,29,923106.0,31831.241379310344,5,5
5611201,BA,22,35315763.0,1605261.9545454546,11,17
5611203,BA,14,16822175.0,1201583.9285714286,9,9
8592999,SP,281,170430652.0,606514.7758007117,62,175
4751201,PR,16,5820988.0,363811.75,7,5
5819100,SP,9,1329866.0,147762.88888888888,7,6
4399103,SP,72,13696204.0,190225.05555555556,26,27
4712100,PA,2,19950.0,9975.0,1,1
9511800,ES,3,215879.0,71959.66666666667,3,3
4722901,RS,7,51640.0,7377.142857142857,1,1
4752100,RS,8,2145054.0,268131.75,5,4
2542000,BA,8,20405762.0,2550720.25,7,7
4330499,SP,12,3154457.0,262871.4166666667,8,8
8230002,ES,3,445430.0,148476.66666666666,3,1
4751201,RJ,8,56478908.0,7059863.5,6,6
8219999,BA,11,1148490.0,104408.18181818182,4,4
9001901,MG,12,1379220.0,114935.0,9,9
9001906,SC,3,227500.0,75833.33333333333,3,3
9001902,99250000,2,160000.0,80000.0,2,1
9329899,MG,8,1062784.0,132848.0,7,5
4789008,PB,1,541000.0,541000.0,1,1
4399103,MT,3,803640.0,267880.0,1,3
9001906,77816060,1,10000.0,10000.0,1,1
1629301,SP,5,469400.0,93880.0,4,4
7319099,BA,19,2930488.0,154236.2105263158,9,10
0161003,MS,1,837408.0,837408.0,1,1
4773300,RJ,1,213628.0,213628.0,1,1
4322302,76730000,15,229000.0,15266.666666666666,2,1
4723700,BA,6,619630.0,103271.66666666667,6,5
8599603,MG,6,1527612.0,254602.0,5,5
4755503,SP,3,250900.0,83633.33333333333,2,2
4399105,MG,3,220000.0,73333.33333333333,2,2
4751202,SC,1,1032901.0,1032901.0,1,1
7721700,BA,2,974900.0,487450.0,2,2
8593700,SP,3,572840.0,190946.66666666666,3,3
4781400,PR,6,3520561.0,586760.1666666666,6,6
5320202,RS,7,35000.0,5000.0,1,1
8219999,PB,4,1320000.0,330000.0,4,3
1749400,GUARA II,1,12000.0,12000.0,1,1
7319099,ES,15,769800.0,51320.0,4,4
4752100,GO,8,539240.0,67405.0,5,3
9511800,PB,6,7508735.0,1251455.8333333333,5,6
4322302,75980000,1,26500.0,26500.0,1,1
8592999,MT,1,3000.0,3000.0,1,1
4755502,RS,3,3083841.0,1027947.0,3,3
7721700,ES,3,561350.0,187116.66666666666,3,2
8129000,GO,12,2162000.0,180166.66666666666,6,4
4789003,MG,1,1067183999.0,1067183999.0,1,1
5620104,DF,1,0.0,0.0,1,1
4751201,SE,2,559480.0,279740.0,2,2
4520006,SC,3,2808085.0,936028.3333333334,3,2
9001902,81570160,6,604823.0,100803.83333333333,2,1
1412603,RS,6,260150.0,43358.333333333336,5,5
7739099,MG,1,15000.0,15000.0,1,1
8299799,TO,1,68000.0,68000.0,1,1
8130300,MG,8,1545910.0,193238.75,5,6
1412602,RN,1,235000.0,235000.0,1,1
4321500,VILA BARROS,3,1080000.0,360000.0,2,1
3299099,GO,5,5059927.0,1011985.4,4,4
1412602,PR,4,205281.0,51320.25,4,4
1629301,MT,1,304500.0,304500.0,1,1
8712300,GO,4,796250.0,199062.5,1,2
9001902,TO,10,1819000.0,181900.0,4,9
5611203,PB,3,1348250.0,449416.6666666667,3,3
7319099,PB,2,1295000.0,647500.0,2,2
1091102,ES,4,775290.0,193822.5,2,2
1359600,RS,5,1567300.0,313460.0,4,5
5812301,BA,6,1184140.0,197356.66666666666,5,5
3319800,MG,1,0.0,0.0,1,1
4399199,GO,4,1435904.0,358976.0,4,3
4781400,RN,4,892000.0,223000.0,3,3
8129000,RS,3,5034996.0,1678332.0,3,3
4755501,RN,1,80000.0,80000.0,1,1
3321000,PR,1,524890.0,524890.0,1,1
7739003,ES,2,990550.0,495275.0,2,2
9511800,BA,7,2667480.0,381068.5714285714,7,7
9511800,60712025,1,119999.0,119999.0,1,1
3314707,RS,5,445700.0,89140.0,4,3
5320201,AM,1,33600.0,33600.0,1,1
9001901,80010120,1,40500.0,40500.0,1,1
4543900,ES,1,70000.0,70000.0,1,1
8599699,SC,21,61297343.0,2918921.095238095,13,21
7420004,MS,1,5900004.0,5900004.0,1,1
4399103,72405320,1,0.0,0.0,1,1
4723700,PB,3,737594.0,245864.66666666666,3,2
9001901,80250030,2,56700.0,28350.0,1,1
4520007,75460032,1,6500.0,6500.0,1,1
5912099,75955000,1,3000.0,3000.0,1,1
5320202,GO,1,249600.0,249600.0,1,1
2330399,76730000,1,63600.0,63600.0,1,1
5812301,PB,1,317400.0,317400.0,1,1
9602502,PR,4,802095.0,200523.75,4,4
5611205,SP,1,198000.0,198000.0,1,1
5611201,76300000,1,336000.0,336000.0,1,1
4755502,GO,1,104596.0,104596.0,1,1
5912099,PB,1,74900.0,74900.0,1,1
3314720,SP,2,355000.0,177500.0,2,2
1340599,SC,3,1139439.0,379813.0,2,3
3299099,RS,4,492173.0,123043.25,4,4
4520001,TO,2,780000.0,390000.0,2,1
3314707,GO,23,437900.0,19039.130434782608,5,2
3101200,CE,1,160500.0,160500.0,1,1
5912099,BA,3,1157000.0,385666.6666666667,2,2
5611203,ES,1,562038.0,562038.0,1,1
7739003,BA,2,442000.0,221000.0,2,2
9512600,GO,1,141200.0,141200.0,1,1
1091101,MS,1,84000.0,84000.0,1,1
1031700,RS,1,362500.0,362500.0,1,1
3329501,PB,1,36000.0,36000.0,1,1
5912099,ES,5,1433600.0,286720.0,5,4
1412603,GO,1,18000.0,18000.0,1,1
3299003,SE,1,336675.0,336675.0,1,1
4723700,SETOR AEROPORTO,5,389400.0,77880.0,1,1
8599699,13091140,2,667760.0,333880.0,1,1
3313901,RN,1,546000.0,546000.0,1,1
4742300,GO,2,420000.0,210000.0,2,2
2542000,ES,1,160000.0,160000.0,1,1
1412603,AC,1,80000.0,80000.0,1,1
9601701,TO,1,68970.0,68970.0,1,1
4781400,PI,1,11200.0,11200.0,1,1
7739099,MA,2,697500.0,348750.0,2,1
1413403,PB,1,453700.0,453700.0,1,1
7420002,MG,1,250000.0,250000.0,1,1
8599604,TO,1,170000.0,170000.0,1,1
1091102,BA,1,636000.0,636000.0,1,1
5612100,BA,1,154000.0,154000.0,1,1
4543900,BA,3,300000.0,100000.0,1,1
9609299,PA,1,148704.0,148704.0,1,1
4530705,PR,1,933559.0,933559.0,1,1
8219999,ES,2,1489807.0,744903.5,1,1
7420001,87020160,1,78000.0,78000.0,1,1
4399199,RS,1,98000.0,98000.0,1,1
2542000,PB,1,1314048.0,1314048.0,1,1
3313901,PR,2,1164480.0,582240.0,1,1
8230001,DF,1,52500.0,52500.0,1,1
4729699,PR,3,541500.0,180500.0,3,3
5612100,GO,24,1112974.0,46373.916666666664,5,3
9001902,RJ,82,11386227.0,138856.42682926828,30,50
8592902,SP,20,1630325.0,81516.25,10,15
4729601,SC,2,135000.0,67500.0,2,1
5912099,RS,12,689410.0,57450.833333333336,7,7
9529105,SP,31,775159.0,25005.129032258064,4,4
4753900,SP,48,3711823.0,77329.64583333333,13,13
9001902,SE,35,3712920.0,106083.42857142857,9,24
4772500,SP,3,659206.0,219735.33333333334,3,2
8592903,MG,27,30289941.0,1121849.6666666667,23,21
7319099,GO,33,9438988.0,286029.9393939394,23,20
4520005,PR,91,79797058.0,876890.7472527473,14,15
9001902,05754071,1,35000.0,35000.0,1,1
3299099,ES,3,371500.0,123833.33333333333,1,1
4520007,SP,21,642113.0,30576.809523809523,7,7
7739003,GO,14,502700.0,35907.142857142855,5,4
4729699,RJ,1,10000.0,10000.0,1,1
7319099,RS,10,739000.0,73900.0,7,7
4520001,PR,10,39429945.0,3942994.5,6,10
9001902,PR,110,29754991.0,270499.91818181815,41,70
7721700,RS,6,1130700.0,188450.0,6,4
2542000,RS,10,1700629.0,170062.9,8,6
5611203,RS,9,455230.0,50581.11111111111,5,5
1413403,GO,1,35000.0,35000.0,1,1
8219999,RS,6,424330.0,70721.66666666667,6,6
8599605,89650000,1,85000.0,85000.0,1,1
8230001,PE,19,2689473.0,141551.2105263158,10,12
4744001,RS,8,67460.0,8432.5,4,2
9001906,75620000,3,815000.0,271666.6666666667,2,1
5611201,GO,58,8279047.0,142742.1896551724,10,10
9529199,MG,3,829872.0,276624.0,3,3
7739003,RS,4,758000.0,189500.0,4,2
4755502,BA,8,5308042.0,663505.25,8,3
5611203,GO,18,438620.0,24367.777777777777,8,7
2539001,SP,5,177300.0,35460.0,3,4
9001902,RN,34,3261000.0,95911.76470588235,21,23
8592999,GARAVELO RESIDENCIAL PARK,1,150000.0,150000.0,1,1
8599604,PR,15,4034025.0,268935.0,15,11
4330402,MG,5,385120.0,77024.0,3,3
8230002,RS,12,346500.0,28875.0,5,4
9511800,GO,20,4704287.0,235214.35,17,16
7420004,SC,3,427059.0,142353.0,3,3
8230002,GO,5,797950.0,159590.0,4,2
5812301,GO,13,1310850.0,100834.61538461539,7,6
4520001,RJ,6,393240.0,65540.0,2,1
4399199,BA,6,111550.0,18591.666666666668,1,1
5812301,RS,6,666000.0,111000.0,5,5
5620101,CE,10,413150.0,41315.0,1,1
2539001,AL,3,180000.0,60000.0,1,1
9511800,RS,5,4200246.0,840049.2,4,4
7721700,GO,9,325500.0,36166.666666666664,8,4
3299099,PB,2,900000.0,450000.0,2,2
8299799,PI,1,48000.0,48000.0,1,1
4789008,RS,1,34000.0,34000.0,1,1
4330403,PR,1,36000.0,36000.0,1,1
5620103,RS,3,137502.0,45834.0,1,1
2542000,GO,19,635547.0,33449.84210526316,9,7
4322302,MG,10,1798028.0,179802.8,10,8
4754702,40285450,2,1796233.0,898116.5,1,1
3314707,BA,1,3918235.0,3918235.0,1,1
4755502,PB,5,697920.0,139584.0,4,1
8219999,GO,35,8228995.0,235114.14285714287,27,23
1359600,PB,4,8313719.0,2078429.75,3,3
4761001,SP,4,1327994.0,331998.5,2,2
4724500,MG,3,133199.0,44399.666666666664,3,3
3314710,PR,2,15380.0,7690.0,2,2
4751201,TO,1,115680.0,115680.0,1,1
8599699,MS,2,1296000.0,648000.0,2,1
1413403,RS,6,1088892.0,181482.0,3,1
4744002,PR,1,30000.0,30000.0,1,1
4757100,SP,4,5426673.0,1356668.25,3,3
4757100,AL,1,8093493.0,8093493.0,1,1
5912099,80050370,2,45900.0,22950.0,1,1
3299004,PR,1,47760.0,47760.0,1,1
8599604,RJ,4,1460000.0,365000.0,4,4
1340501,PR,2,228692.0,114346.0,1,1
7319002,24230240,1,523600.0,523600.0,1,1
4520002,MG,6,3393452.0,565575.3333333334,5,6
4322302,MA,4,6905602.0,1726400.5,3,4
9521500,73930000,1,540000.0,540000.0,1,1
4520005,PI,1,2356316.0,2356316.0,1,1
5620104,PE,2,45660.0,22830.0,2,2
8599604,RN,1,516000.0,516000.0,1,1
9601701,PR,1,101790.0,101790.0,1,1
4721102,SC,1,226750.0,226750.0,1,1
5320202,BA,2,168000.0,84000.0,1,2
4322302,73870000,1,307200.0,307200.0,1,1
8299799,PR,1,64800.0,64800.0,1,1
8712300,PB,1,352000.0,352000.0,1,1
4722901,PB,2,2336810.0,1168405.0,2,2
4789007,DF,1,25415.0,25415.0,1,1
9001906,MS,1,0.0,0.0,1,1
9002702,PR,1,2656500.0,2656500.0,1,1
7319002,35681314,1,120000.0,120000.0,1,1
6399200,BA,1,6289113.0,6289113.0,1,1
7319002,RO,1,600000.0,600000.0,1,1
7729202,75460000,1,58700.0,58700.0,1,1
8592999,SALA 05 06,1,211200.0,211200.0,1,1
1529700,SP,1,230000.0,230000.0,1,1
9512600,BA,3,1543258.0,514419.3333333333,3,3
5612100,RS,3,118900.0,39633.333333333336,2,3
1622699,MG,2,479500.0,239750.0,2,2
7420001,CE,1,3944491.0,3944491.0,1,1
4744001,GO,2,297700.0,148850.0,2,2
5620102,MG,2,1095680.0,547840.0,2,2
9609206,SP,2,659250.0,329625.0,1,1
7911200,MG,2,6973680.0,3486840.0,2,2
3329501,RS,1,50000.0,50000.0,1,1
4742300,BA,1,7521012.0,7521012.0,1,1
2539001,MT,1,17900.0,17900.0,1,1
4321500,75837645,1,220000.0,220000.0,1,1
7319002,75084140,1,50925.0,50925.0,1,1
4520001,75810000,1,95200.0,95200.0,1,1
4752100,PB,1,202800.0,202800.0,1,1
8219901,RN,1,287400.0,287400.0,1,1
1821100,BA,1,70000.0,70000.0,1,1
4752100,BA,2,1180000.0,590000.0,2,2
3291400,PE,1,651000.0,651000.0,1,1
8230001,CONJUNTO ROMILDO FERREIRA DO AMARAL,2,101000.0,50500.0,2,1
2532201,PR,1,24250.0,24250.0,1,1
3329501,GO,1,150000.0,150000.0,1,1
1091102,RS,4,1321275.0,330318.75,3,3
4761003,SC,1,18646008.0,18646008.0,1,1
4743100,73900000,1,20120.0,20120.0,1,1
4754703,MG,1,163200.0,163200.0,1,1
4723700,GO,1,555200.0,555200.0,1,1
8599604,SE,1,14500.0,14500.0,1,1
9002702,RJ,1,588000.0,588000.0,1,1
3212400,MG,1,4957.0,4957.0,1,1
1091101,SC,1,122315.0,122315.0,1,1
4929901,SP,1,0.0,0.0,1,1
8129000,PB,1,165000.0,165000.0,1,1
4789002,76056149,3,62400.0,20800.0,1,1
5912099,GO,1,247920.0,247920.0,1,1
7733100,SP,1,34896.0,34896.0,1,1
9001902,PI,4,210000.0,52500.0,1,2
4722902,PB,1,949500.0,949500.0,1,1
1412601,PA,1,281000.0,281000.0,1,1
4763604,PR,1,85332.0,85332.0,1,1
4321500,PA,1,542500.0,542500.0,1,1
0161002,BA,2,6870336.0,3435168.0,1,2
1412602,TO,1,85766.0,85766.0,1,1
4772500,MT,1,599994.0,599994.0,1,1
4520005,RJ,2,684400.0,342200.0,2,1
3299004,RJ,2,307800.0,153900.0,2,1
2330399,MG,1,0.0,0.0,1,1
4722901,BA,1,203515.0,203515.0,1,1
9529103,30120074,1,14300.0,14300.0,1,1
1412602,SP,23,3048046.0,132523.73913043478,15,16
4399103,PR,21,124109574.0,5909979.714285715,14,16
5223100,RS,2,81600.0,40800.0,2,2
4789007,MG,12,1776892.0,148074.33333333334,10,4
4781400,SP,58,5531499.0,95370.6724137931,41,23
2349499,PE,1,360000.0,360000.0,1,1
4763601,SP,28,1748598.0,62449.92857142857,10,7
4759899,BA,12,124897.0,10408.083333333334,7,1
4751201,SP,74,4985973.0,67378.01351351352,26,20
3299003,SP,22,671980.0,30544.545454545456,4,4
3314720,PR,7,3759400.0,537057.1428571428,1,1
8592999,RJ,28,2324200.0,83007.14285714286,14,15
9609299,RS,11,7327516.0,666137.8181818182,10,10
4712100,RS,8,858179.0,107272.375,4,3
8230001,MARIANO PROCOPIO,1,1613334.0,1613334.0,1,1
3314702,MG,2,506000.0,253000.0,1,1
4789002,SC,4,53120.0,13280.0,3,3
4530705,SP,1,742800.0,742800.0,1,1
9602502,SP,5,922650.0,184530.0,5,5
9529102,BA,12,70985142.0,5915428.5,10,10
4789001,MG,3,432150.0,144050.0,3,3
3319800,PE,1,598800.0,598800.0,1,1
8592999,PR,76,31639633.0,416310.9605263158,24,43
9001906,CE,3,324120.0,108040.0,3,3
8130300,PE,2,270000.0,135000.0,2,2
4930202,BA,7,908228.0,129746.85714285714,2,2
3321000,SP,1,161000.0,161000.0,1,1
9001901,PE,3,1586077.0,528692.3333333334,2,3
4330404,SC,2,727495.0,363747.5,2,2
9001901,28894020,2,27680.0,13840.0,1,1
4756300,RS,4,229000.0,57250.0,3,2
5611205,RJ,5,21759859.0,4351971.8,2,1
4782201,RS,1,500000.0,500000.0,1,1
2229399,RS,1,71200.0,71200.0,1,1
0322104,PR,1,150350.0,150350.0,1,1
4924800,SC,22,9052198.0,411463.54545454547,3,10
4754702,ES,4,520000.0,130000.0,1,1
1813001,MG,4,399845.0,99961.25,4,3
4321500,ES,1,30000.0,30000.0,1,1
4399103,RN,5,575091824.0,115018364.8,2,3
4743100,RS,4,854396.0,213599.0,4,4
4744099,GO,10,934319.0,93431.9,6,5
8592999,SE,2,200000.0,100000.0,1,1
4743100,GO,3,33900.0,11300.0,3,2
3314711,73930000,5,89460.0,17892.0,1,1
9602501,ES,4,1108000.0,277000.0,3,3
1096100,RS,3,8119799.0,2706599.6666666665,2,2
1094500,BA,1,14777634.0,14777634.0,1,1
4321500,BA,3,12431280.0,4143760.0,2,3
1352900,MG,2,321630.0,160815.0,2,2
7912100,SC,1,444000.0,444000.0,1,1
8219999,74455552,3,1400000.0,466666.6666666667,3,1
9609299,GO,3,309800.0,103266.66666666667,3,3
7739099,PE,1,540000.0,540000.0,1,1
8599605,BA,1,22000.0,22000.0,1,1
5811500,SC,2,358320.0,179160.0,2,2
4322302,75490000,3,466500.0,155500.0,2,1
1629301,PR,1,8098464.0,8098464.0,1,1
4712100,GO,4,1188500.0,297125.0,4,2
4785799,SP,3,495222.0,165074.0,1,1
4722902,PA,2,586922.0,293461.0,1,1
1813099,MG,2,6274526.0,3137263.0,2,2
4773300,SP,2,100931.0,50465.5,2,1
3240099,MG,1,300000.0,300000.0,1,1
1412602,AL,1,30600.0,30600.0,1,1
5611204,PB,1,122400.0,122400.0,1,1
4321500,PB,3,1275000.0,425000.0,2,3
4783101,SP,2,110000.0,55000.0,2,2
9001902,82630220,1,250000.0,250000.0,1,1
5611204,BA,2,870000.0,435000.0,2,2
9602501,BA,2,7504704.0,3752352.0,2,2
8593700,18685510,1,243400.0,243400.0,1,1
4755503,PR,3,206000.0,68666.66666666667,1,1
4930201,MS,4,4287000.0,1071750.0,1,4
4732600,GO,2,145200.0,72600.0,1,1
4756300,GO,1,580000.0,580000.0,1,1
7319099,CASA,1,225000.0,225000.0,1,1
9529102,MINEIRINHO,1,74680.0,74680.0,1,1
4763602,RS,1,16000.0,16000.0,1,1
8593700,PR,2,50000.0,25000.0,1,1
4789099,SC,1,496032.0,496032.0,1,1
1412601,76300000,1,670000.0,670000.0,1,1
2512800,PB,2,14238672.0,7119336.0,2,2
5611205,PR,1,41667.0,41667.0,1,1
4924800,37476000,1,0.0,0.0,1,1
4520006,RO,1,970060.0,970060.0,1,1
4330499,87721899,1,184845746.0,184845746.0,1,1
4520008,BA,1,600000.0,600000.0,1,1
4520007,TO,1,48000.0,48000.0,1,1
3313901,SP,2,389000.0,194500.0,2,2
5813100,RS,1,200000.0,200000.0,1,1
8230002,71693500,1,400000.0,400000.0,1,1
9329899,PE,2,70000.0,35000.0,1,1
5813100,GO,11,536384.0,48762.181818181816,1,1
1412601,PB,1,361620.0,361620.0,1,1
5620102,24931840,1,6444996.0,6444996.0,1,1
4520006,CE,3,1258000.0,419333.3333333333,1,1
4763602,GO,1,31500.0,31500.0,1,1
1629301,RN,3,945770.0,315256.6666666667,2,1
4789008,35380000,1,28000.0,28000.0,1,1
2539001,TO,1,85000.0,85000.0,1,1
4330499,PR,1,636000.0,636000.0,1,1
2599399,MG,1,185000.0,185000.0,1,1
5611204,ES,1,30000.0,30000.0,1,1
3101200,SC,1,373300.0,373300.0,1,1
1629301,SE,1,616800.0,616800.0,1,1
9001902,96070861,1,45000.0,45000.0,1,1
8592999,RN,1,238333.0,238333.0,1,1
7723300,ES,2,290500.0,145250.0,1,2
4930202,ES,1,9218880.0,9218880.0,1,1
9529102,ES,1,49000.0,49000.0,1,1
4520006,SP,49,3166273.0,64617.816326530614,4,4
5611201,MG,13,13545383330.0,1041952563.8461539,12,12
8599699,SP,105,47534714.0,452711.5619047619,60,80
8592903,RS,37,7075410.0,191227.2972972973,27,29
8230002,MG,5,6107142.0,1221428.4,5,5
4751202,SP,35,1117525.0,31929.285714285714,5,2
7319099,MG,25,1866655.0,74666.2,13,14
4322302,GO,22,4051875.0,184176.13636363635,14,12
4761002,SP,1,13240.0,13240.0,1,1
4520006,73820000,6,2489569.0,414928.1666666667,1,1
4744099,DF,8,933740.0,116717.5,4,3
4520002,RS,17,31443050.0,1849591.1764705882,7,7
7911200,GO,3,133900.0,44633.333333333336,2,1
4721103,PE,1,119650.0,119650.0,1,1
4330404,PR,18,20523448.0,1140191.5555555555,12,13
4520007,AM,1,400000.0,400000.0,1,1
7721700,MG,4,755180.0,188795.0,4,4
8592999,SC,38,33208261.0,873901.6052631579,23,30
9001906,SP,44,3846094.0,87411.22727272728,27,27
9511800,MG,30,18088134.0,602937.8,25,22
5611204,PE,1,150000.0,150000.0,1,1
1629301,SC,8,1406689.0,175836.125,6,6
3101200,PR,9,2429608.0,269956.44444444444,8,6
4321500,PE,1,182160.0,182160.0,1,1
3314719,SP,18,627770.0,34876.11111111111,7,3
4754701,PR,4,670640.0,167660.0,4,3
4751201,CE,12,2919012.0,243251.0,9,4
9001902,40430190,1,40900.0,40900.0,1,1
7739003,MG,12,2628048.0,219004.0,9,7
8130300,BA,9,955480.0,106164.44444444444,4,4
8592902,MS,3,105000.0,35000.0,1,1
4322302,RS,30,3001585.0,100052.83333333333,15,16
4712100,58280000,1,220645.0,220645.0,1,1
4520002,GO,13,931413.0,71647.15384615384,7,5
1340599,SP,8,228330.0,28541.25,3,4
4399103,SC,7,40980182.0,5854311.714285715,7,7
4322303,RS,5,77330.0,15466.0,3,2
4923001,RN,6,8373760.0,1395626.6666666667,1,6
5620102,GO,2,615200.0,307600.0,2,2
1099604,GO,1,3900.0,3900.0,1,1
9529102,PE,3,1641235.0,547078.3333333334,3,1
8599699,MT,1,51750.0,51750.0,1,1
1422300,MG,1,1590000.0,1590000.0,1,1
9001901,BA,3,762361.0,254120.33333333334,3,3
8219999,MG,8,3469128.0,433641.0,8,8
7733100,MS,1,45000.0,45000.0,1,1
7319099,77760000,1,112650.0,112650.0,1,1
5819100,SC,1,43100.0,43100.0,1,1
5812301,MG,6,3155182.0,525863.6666666666,4,4
6190699,PA,1,759027.0,759027.0,1,1
4762800,MG,1,58000.0,58000.0,1,1
4789002,PR,3,345710.0,115236.66666666667,3,3
8599605,PE,1,25506.0,25506.0,1,1
9529199,GO,2,35300.0,17650.0,1,1
7420001,TO,1,534000.0,534000.0,1,1
9329899,ES,4,498400.0,124600.0,4,4
4322302,AC,1,293300.0,293300.0,1,1
4723700,MA,1,36000.0,36000.0,1,1
4924800,PR,10,25619494.0,2561949.4,5,10
4789004,MS,4,323990.0,80997.5,4,1
4723700,MG,6,59788731.0,9964788.5,6,6
2330399,RS,1,424500.0,424500.0,1,1
5819100,RUBEM BERTA,1,93800.0,93800.0,1,1
8230001,PA,2,350000.0,175000.0,2,1
7729202,TO,1,0.0,0.0,1,1
8599603,BA,2,324001.0,162000.5,2,2
5811500,RJ,2,140500.0,70250.0,2,2
7912100,RN,2,699519.0,349759.5,2,1
7420002,BA,2,368000.0,184000.0,2,2
7911200,RS,4,400367.0,100091.75,3,3
3101200,RJ,2,344900.0,172450.0,1,1
2542000,MG,10,1268000.0,126800.0,8,10
8130300,ES,1,385658.0,385658.0,1,1
1721400,SP,2,41846.0,20923.0,1,1
5611203,MG,16,7780027.0,486251.6875,14,16
2349499,ES,1,72000.0,72000.0,1,1
8592903,GO,4,1002000.0,250500.0,4,4
5912099,MG,5,2998774.0,599754.8,4,5
8599699,88332230,1,7750476.0,7750476.0,1,1
3313901,CE,2,264000.0,132000.0,1,1
4724500,RS,1,203360.0,203360.0,1,1
4330402,RS,1,33500.0,33500.0,1,1
4774100,RN,1,601500.0,601500.0,1,1
5811500,PI,1,12000.0,12000.0,1,1
4789099,RN,2,149650.0,74825.0,2,2
4543900,MG,2,925865.0,462932.5,2,2
2330399,GO,1,429600.0,429600.0,1,1
4789099,PR,3,59228.0,19742.666666666668,3,1
1091102,MG,4,620885.0,155221.25,4,4
5612100,MG,2,11800.0,5900.0,2,2
9529105,75620000,4,570000.0,142500.0,1,1
3103900,GO,1,16500.0,16500.0,1,1
4330404,RJ,1,72000.0,72000.0,1,1
0159801,PR,1,117600.0,117600.0,1,1
9001901,PB,3,221300.0,73766.66666666667,3,1
1093701,CE,1,517000.0,517000.0,1,1
5611201,MA,1,66000.0,66000.0,1,1
4781400,CE,2,582750.0,291375.0,2,2
8593700,SC,1,112000.0,112000.0,1,1
5811500,PR,3,376440.0,125480.0,3,3
3212400,RS,2,245500.0,122750.0,1,1
9001906,AL,1,176000.0,176000.0,1,1
7732201,BA,2,5187548.0,2593774.0,2,2
5229002,SP,3,63000.0,21000.0,2,2
4729699,14802450,1,139100.0,139100.0,1,1
9001902,95720000,1,35000.0,35000.0,1,1
4541207,BA,1,901692.0,901692.0,1,1
4330402,GO,1,26000.0,26000.0,1,1
5812301,MA,1,540000.0,540000.0,1,1
4754701,RJ,2,3619834.0,1809917.0,1,1
3319800,PB,1,273000.0,273000.0,1,1
8592903,18115390,1,6200004.0,6200004.0,1,1
3321000,LAS PALMAS,2,934700.0,467350.0,1,1
9001902,24902430,1,200000.0,200000.0,1,1
4520006,76555000,2,964250.0,482125.0,2,1
2349499,BA,1,400000.0,400000.0,1,1
4754703,RS,1,165265.0,165265.0,1,1
4789003,PB,1,1500.0,1500.0,1,1
4789003,BA,1,600000.0,600000.0,1,1
5620102,RS,2,50000.0,25000.0,1,1
3101200,RN,1,600000.0,600000.0,1,1
5091201,BA,1,350000.0,350000.0,1,1
4789099,76710000,2,30598.0,15299.0,1,1
3101200,76485000,1,6846312.0,6846312.0,1,1
4724500,GO,66,1894145.0,28699.166666666668,6,3
7731400,GO,1,480000.0,480000.0,1,1
8599603,PB,1,138000.0,138000.0,1,1
7739099,BA,1,611380.0,611380.0,1,1
4789002,76400000,2,374400.0,187200.0,2,1
8592999,52030010,2,80000.0,40000.0,1,1
3329501,MA,1,4500.0,4500.0,1,1
4329103,PR,1,29500.0,29500.0,1,1
8599604,94945410,1,46000.0,46000.0,1,1
9529199,RS,1,440000.0,440000.0,1,1
4330499,SC,1,278400.0,278400.0,1,1
7490102,SP,2,113000.0,56500.0,1,1
4924800,PI,1,564000.0,564000.0,1,1
8592999,75705070,1,142050.0,142050.0,1,1
4789005,PA,1,149960.0,149960.0,1,1
9529102,CENTRO,2,609200.0,304600.0,2,1
4399105,PB,2,621300.0,310650.0,1,1
8130300,PB,2,362100.0,181050.0,1,2
5590699,PA,1,2132910.0,2132910.0,1,1
1340501,SP,4,19150.0,4787.5,1,1
9001902,SP,369,185072868.0,501552.48780487804,86,213
4744099,PB,5,7611651.0,1522330.2,5,5
4520005,MT,3,518400.0,172800.0,2,2
8599604,SP,41,7030986.0,171487.46341463414,26,28
7319099,76280000,14,2059854.0,147132.42857142858,1,1
4763602,ES,2,981527.0,490763.5,1,1
9602501,RS,16,2752174.0,172010.875,11,13
3101200,FAZENDA GRANDE IV,1,180000.0,180000.0,1,1
9529102,RS,29,4981652.0,171781.10344827586,6,8
4321500,RS,70,62302834.0,890040.4857142858,33,34
4520007,PR,6,298500.0,49750.0,3,3
7420001,SC,7,730470.0,104352.85714285714,6,5
8230001,MG,74,14510435.0,196086.95945945947,55,64
4930202,GO,2,835320.0,417660.0,2,2
4753900,PR,1,61587.0,61587.0,1,1
4929901,PR,1,103960.0,103960.0,1,1
9001902,76630000,1,308684.0,308684.0,1,1
4321500,GO,13,1891930.0,145533.07692307694,10,11
2512800,RS,2,304998.0,152499.0,2,2
4520001,SP,41,7721330.0,188325.1219512195,16,17
5611204,RS,2,68500.0,34250.0,2,2
9001902,AL,13,2181000.0,167769.23076923078,5,6
4761003,CE,13,8750068.0,673082.1538461539,2,2
4530703,MG,5,1116227.0,223245.4,4,4
2539001,PR,3,121227683.0,40409227.666666664,3,3
4789004,RJ,1,68500.0,68500.0,1,1
4759801,MG,1,100000.0,100000.0,1,1
3299004,SP,2,232200.0,116100.0,2,2
5620104,MG,12,3376920.0,281410.0,10,10
4744099,BA,6,13924889.0,2320814.8333333335,4,4
4322302,PE,9,19197768.0,2133085.3333333335,5,4
4520005,SP,32,1934095.0,60440.46875,17,17
8592902,PR,15,4212550.0,280836.6666666667,7,11
9529105,PR,3,330000.0,110000.0,2,2
4930202,RS,6,371200.0,61866.666666666664,4,4
9609299,APT 602,4,275000.0,68750.0,2,1
4712100,BA,13,15917071.0,1224390.076923077,10,11
5912099,PA,1,582500.0,582500.0,1,1
1412601,GO,2,147595.0,73797.5,2,2
9609299,ES,1,92000.0,92000.0,1,1
1813001,76270000,1,2720.0,2720.0,1,1
4322301,MG,2,163000.0,81500.0,2,2
9529105,SE,1,52000.0,52000.0,1,1
9609299,BA,5,210000.0,42000.0,2,2
4712100,ES,7,580983.0,82997.57142857143,6,3
8592999,93218270,1,70000.0,70000.0,1,1
8592903,PE,5,665400.0,133080.0,2,3
4753900,RN,3,431450.0,143816.66666666666,3,3
4712100,PB,4,1659431.0,414857.75,3,4
8230001,MA,4,1190500.0,297625.0,3,3
8219901,SP,5,80000.0,16000.0,2,2
4930204,MG,1,4180000.0,4180000.0,1,1
9609206,RJ,1,80000.0,80000.0,1,1
8299799,SP,1,48000.0,48000.0,1,1
4753900,RJ,3,802500.0,267500.0,3,3
4789005,MG,1,100500.0,100500.0,1,1
9601701,SP,3,802120.0,267373.3333333333,2,2
9529102,GO,20,853833.0,42691.65,9,8
8219901,AL,1,902688.0,902688.0,1,1
8592999,82840310,2,86400.0,43200.0,1,1
9001901,82530195,2,86400.0,43200.0,1,1
3314710,SP,8,660675.0,82584.375,3,3
4330403,SP,6,372180.0,62030.0,5,5
5590699,MG,2,720000.0,360000.0,2,2
5611201,PA,1,86400.0,86400.0,1,1
4761001,RJ,1,300000.0,300000.0,1,1
7420004,CE,5,1007880.0,201576.0,2,2
5223100,74030065,1,276000.0,276000.0,1,1
9511800,PA,2,1341455.0,670727.5,1,1
4759899,RS,1,9900.0,9900.0,1,1
4520001,76555000,2,1224000.0,612000.0,1,1
4729699,MT,1,150000.0,150000.0,1,1
4713002,MG,2,0.0,0.0,1,1
1412601,RS,5,21682260.0,4336452.0,5,5
4772500,PR,3,900359.0,300119.6666666667,3,3
8020002,RS,1,308000.0,308000.0,1,1
4759801,74946643,1,123940.0,123940.0,1,1
8230002,PA,1,13500.0,13500.0,1,1
4754701,MS,2,451700.0,225850.0,2,2
7911200,PE,2,195542.0,97771.0,2,1
4732600,BA,1,1691650.0,1691650.0,1,1
6190699,MG,2,125240.0,62620.0,2,2
8599604,MT,2,261000.0,130500.0,2,2
5611205,TO,1,15000.0,15000.0,1,1
4929902,RN,1,210000.0,210000.0,1,1
4789004,RN,3,280000.0,93333.33333333333,3,1
2539001,76660000,1,579400.0,579400.0,1,1
8592999,TO,1,194520.0,194520.0,1,1
9001901,DF,1,116800.0,116800.0,1,1
4757100,RN,1,513350.0,513350.0,1,1
3600602,PE,1,631750.0,631750.0,1,1
9001902,75400000,2,128000.0,64000.0,2,1
8219999,76510000,1,43500.0,43500.0,1,1
4520001,MT,5,573600.0,114720.0,1,1
8592902,RJ,2,110000.0,55000.0,2,2
9001902,76387794,1,147900.0,147900.0,1,1
1095300,TO,1,48094.0,48094.0,1,1
4772500,RJ,1,367000.0,367000.0,1,1
4744002,SP,3,18350.0,6116.666666666667,2,2
9602501,GO,1,170000.0,170000.0,1,1
1411801,ES,1,64460.0,64460.0,1,1
9001902,MT,1,107145.0,107145.0,1,1
4759899,GO,2,1100000.0,550000.0,1,1
4321500,AC,1,538020.0,538020.0,1,1
5912001,RS,2,420000.0,210000.0,2,1
4761001,PR,2,815105.0,407552.5,2,2
1821100,75650000,2,325790.0,162895.0,1,1
9002702,SP,1,16650.0,16650.0,1,1
7990200,RS,2,465000.0,232500.0,2,2
4930201,SC,2,1118040.0,559020.0,2,2
4732600,PB,1,620000.0,620000.0,1,1
9529105,RJ,1,204051.0,204051.0,1,1
7319002,SC,2,4729046.0,2364523.0,2,2
4322302,87550057,1,180000.0,180000.0,1,1
9329899,SETOR VILA NOVA,1,447360.0,447360.0,1,1
9001902,JARDIM ESMERALDA,1,50000.0,50000.0,1,1
4924800,VILA 3 DE MARCO,1,836160.0,836160.0,1,1
7739099,74936250,1,211200.0,211200.0,1,1
9521500,SC,2,4239706.0,2119853.0,1,1
9512600,CASA,1,265766.0,265766.0,1,1
8592999,93701335,1,60000.0,60000.0,1,1
3101200,MS,1,12371998.0,12371998.0,1,1
4789099,MS,2,75048.0,37524.0,1,1
8599605,RS,1,75000.0,75000.0,1,1
9529105,RN,1,86400.0,86400.0,1,1
7319099,PA,1,432000.0,432000.0,1,1
9329899,RS,12,424820.0,35401.666666666664,10,8
7729202,PR,2,253000.0,126500.0,2,2
4520003,SP,10,139321.0,13932.1,4,4
3220500,BA,1,1706668.0,1706668.0,1,1
7319002,RJ,15,563327.0,37555.13333333333,15,4
4321500,DF,7,330750.0,47250.0,3,4
1412603,MG,2,170848.0,85424.0,1,1
4322302,PB,9,24931106.0,2770122.888888889,5,5
3101200,75065180,1,69720.0,69720.0,1,1
7319002,PR,76,5159462.0,67887.65789473684,48,4
4541206,PR,14,3220960.0,230068.57142857142,1,2
5819100,AM,2,578500.0,289250.0,1,1
4752100,MG,2,108500.0,54250.0,1,1
9001902,CE,9,1581784.0,175753.77777777778,7,3
8599699,89260785,4,451661.0,112915.25,1,1
1412603,MA,2,265200.0,132600.0,2,2
9001901,RS,29,4381084.0,151071.8620689655,15,18
4520001,73930000,1,478335.0,478335.0,1,1
4721102,SP,25,2352644.0,94105.76,4,3
9001901,04166003,1,40000.0,40000.0,1,1
0161003,MT,2,332840.0,166420.0,1,1
1822901,SP,18,441261.0,24514.5,11,7
3314707,MG,3,542520.0,180840.0,3,3
8130300,RS,14,31963221.0,2283087.214285714,13,14
2599301,PR,1,2715214.0,2715214.0,1,1
4743100,PE,2,20600.0,10300.0,2,2
4322302,BA,15,38668443.0,2577896.2,11,14
5320201,SP,2,404000.0,202000.0,2,2
8599604,CE,3,1960292.0,653430.6666666666,2,2
4322302,ES,1,4000.0,4000.0,1,1
4753900,SC,7,252188.0,36026.857142857145,7,2
4530703,75340000,9,1185247.0,131694.11111111112,3,1
0161003,SP,2,186180.0,93090.0,2,2
4520005,RO,1,27650.0,27650.0,1,1
4330499,MS,1,315000.0,315000.0,1,1
5812302,SP,4,213679.0,53419.75,4,4
8599604,JARDIM SANTA BARBARA,4,244500.0,61125.0,1,1
4520002,BA,4,10339825.0,2584956.25,4,4
4930201,PR,5,2586400.0,517280.0,5,4
5620102,BA,2,214000.0,107000.0,2,2
4399199,MG,9,1943779.0,215975.44444444444,3,4
1359600,MG,2,58000.0,29000.0,2,1
7729202,RN,2,1527999.0,763999.5,2,2
3319800,RS,4,58300.0,14575.0,3,3
4399105,GO,4,149000.0,37250.0,1,1
4724500,PB,1,14168132.0,14168132.0,1,1
9609299,PE,1,120000.0,120000.0,1,1
8129000,MG,1,69600.0,69600.0,1,1
4744099,PE,2,27910.0,13955.0,2,2
7420001,PR,10,823650.0,82365.0,10,10
7420004,MT,2,490000.0,245000.0,1,1
8592902,81070000,6,245100.0,40850.0,1,1
7420001,RN,7,1085620.0,155088.57142857142,6,5
9529102,76350000,5,346196.0,69239.2,2,1
4761003,AL,2,737748.0,368874.0,1,1
8130300,GO,3,562100.0,187366.66666666666,2,2
9001901,GO,4,460600.0,115150.0,3,2
9001901,82560430,2,408600.0,204300.0,1,1
8592903,ES,5,1254000.0,250800.0,4,3
1821100,MG,1,75000.0,75000.0,1,1
9512600,MG,2,696020.0,348010.0,1,1
4929902,SC,2,1407066.0,703533.0,2,2
4789002,95250000,1,4500.0,4500.0,1,1
7739099,GO,2,1260000.0,630000.0,1,1
9529105,SC,2,54000.0,27000.0,2,2
3220500,ES,1,143000.0,143000.0,1,1
9001902,15051003,1,92000.0,92000.0,1,1
8219999,74423230,1,554400.0,554400.0,1,1
4774100,TO,1,170000.0,170000.0,1,1
4781400,76330000,2,864000.0,432000.0,2,1
8599603,GO,1,194520.0,194520.0,1,1
4724500,BA,3,1099894.0,366631.3333333333,3,3
2532201,RO,3,1174639.0,391546.3333333333,1,1
9529102,DF,3,1110609.0,370203.0,2,3
1813001,PA,3,601640.0,200546.66666666666,1,1
8592902,SC,7,4800800.0,685828.5714285715,5,4
9521500,PR,4,450100.0,112525.0,4,4
6399200,MG,1,8640.0,8640.0,1,1
3299099,MG,3,620010.0,206670.0,2,2
4722901,MG,2,386400.0,193200.0,1,1
3600602,BA,12,105870658.0,8822554.833333334,4,12
0161002,MG,2,849900.0,424950.0,2,2
8299707,95240000,2,1050.0,525.0,1,1
9329899,GO,1,60000.0,60000.0,1,1
8592903,BA,5,1484992.0,296998.4,4,3
3314799,PR,1,175245.0,175245.0,1,1
4761003,SP,8,187932.0,23491.5,5,5
8219901,CE,3,759000.0,253000.0,1,1
3600602,PB,7,52944163.0,7563451.857142857,4,5
7739099,RS,2,213000.0,106500.0,2,1
8599604,RR,1,120000.0,120000.0,1,1
4520005,CE,5,1442150.0,288430.0,2,3
4789002,75261607,1,1800.0,1800.0,1,1
7420004,SP,4,1399692.0,349923.0,4,4
9001902,73950000,4,99000.0,24750.0,1,1
4520001,CE,3,1052360.0,350786.6666666667,3,3
7420001,RJ,1,200000.0,200000.0,1,1
8592999,MS,5,419161.0,83832.2,2,3
7911200,PB,2,1321000.0,660500.0,2,2
9001902,24914210,1,195000.0,195000.0,1,1
4742300,MG,1,1662532.0,1662532.0,1,1
4520005,RR,1,1002192.0,1002192.0,1,1
7420002,RS,3,240000.0,80000.0,3,1
8599603,RS,3,862600.0,287533.3333333333,3,3
9001902,LOTE 1A,1,164000.0,164000.0,1,1
4721102,76555000,1,641000.0,641000.0,1,1
4761001,SC,2,60000.0,30000.0,2,2
8712300,MG,1,270000.0,270000.0,1,1
5813100,89221110,1,22000.0,22000.0,1,1
4712100,PE,1,300000.0,300000.0,1,1
4789003,GO,2,99840.0,49920.0,2,1
3103900,BA,1,1191315.0,1191315.0,1,1
4399103,MS,1,1375165.0,1375165.0,1,1
4399105,RS,1,26800.0,26800.0,1,1
4923001,TO,1,225224.0,225224.0,1,1
4520001,73760000,2,18500.0,9250.0,1,1
4520007,SC,1,207694.0,207694.0,1,1
4754703,PB,1,268750.0,268750.0,1,1
8299799,RO,1,208800.0,208800.0,1,1
8219901,RO,1,100000.0,100000.0,1,1
7319002,SE,2,150150.0,75075.0,2,1
8219999,76730000,1,240000.0,240000.0,1,1
8219999,76490000,1,70000.0,70000.0,1,1
9521500,RJ,1,605880.0,605880.0,1,1
9001902,SAMAMBAIA SUL (SAMAMBAIA),1,50000.0,50000.0,1,1
4520002,ES,1,55440.0,55440.0,1,1
1821100,SP,7,545850.0,77978.57142857143,5,5
2399101,MT,1,49500.0,49500.0,1,1
8219999,JARDIM SANTA CLARA,6,257345.0,42890.833333333336,6,1
9511800,79826080,1,277200.0,277200.0,1,1
8129000,SP,4,4656188.0,1164047.0,4,4
9001906,76730000,4,345000.0,86250.0,1,1
1629301,RS,2,210000.0,105000.0,2,2
4399103,RS,48,21818329.0,454548.5208333333,31,35
4330402,SC,3,576132.0,192044.0,2,2
5320201,MG,1,12950.0,12950.0,1,1
4399103,GO,13,15292788.0,1176368.3076923077,8,8
8592999,RS,47,12420396.0,264263.74468085106,31,39
4759899,75806280,1,62350.0,62350.0,1,1
4399199,SP,23,2810245.0,122184.56521739131,8,8
7420001,PE,4,1079620.0,269905.0,4,4
8230001,RO,1,100000.0,100000.0,1,1
5223100,PR,4,1077840.0,269460.0,3,3
5320201,MA,1,55320.0,55320.0,1,1
4721102,MG,4,1098850.0,274712.5,3,3
4321500,75093445,2,734000.0,367000.0,2,1
3299099,SP,14,1978238.0,141302.7142857143,12,12
4744099,PR,3,963454.0,321151.3333333333,2,2
4322302,SC,3,892300.0,297433.3333333333,3,3
8592903,SC,20,4862547.0,243127.35,17,16
9609299,RJ,5,834785.0,166957.0,1,1
4753900,BA,7,4494166.0,642023.7142857143,7,6
9512600,SP,8,1567100.0,195887.5,6,6
9529102,73850000,3,36500.0,12166.666666666666,1,1
4772500,PB,2,551197.0,275598.5,1,1
4744099,RN,3,259750.0,86583.33333333333,2,2
8712300,SP,15,2731672.0,182111.46666666667,7,6
3314707,SP,20,21105158.0,1055257.9,7,7
8230001,CE,12,11505223.0,958768.5833333334,9,6
4755502,SP,8,464805.0,58100.625,6,6
4781400,PA,5,68953.0,13790.6,3,1
1091101,MG,1,458500.0,458500.0,1,1
4752100,SP,7,220050.0,31435.714285714286,4,4
4929901,BA,16,73804474.0,4612779.625,6,14
8230001,75389287,1,30000.0,30000.0,1,1
4772500,BA,10,150860.0,15086.0,5,1
4757100,ES,2,1176310.0,588155.0,2,1
9609299,RN,4,792000.0,198000.0,4,3
2539001,BA,6,10308000.0,1718000.0,3,3
7739099,75398000,1,588000.0,588000.0,1,1
4330499,RS,3,194000.0,64666.666666666664,2,2
1359600,SP,5,1568088.0,313617.6,5,5
7420004,MG,5,1267500.0,253500.0,5,5
9529105,BA,2,330010.0,165005.0,1,1
9001902,82940050,2,93600.0,46800.0,1,1
4520003,MG,1,520000.0,520000.0,1,1
7319002,PE,5,1060000.0,212000.0,3,3
4541206,PE,1,600000.0,600000.0,1,1
5812302,MG,5,1081800.0,216360.0,5,5
3314706,MA,1,45000.0,45000.0,1,1
4923002,MG,2,1963780.0,981890.0,2,2
4755503,RS,6,81090.0,13515.0,3,3
8130300,MS,3,700000.0,233333.33333333334,2,3
1095300,RS,3,9300.0,3100.0,1,1
1629301,GO,2,384470.0,192235.0,2,2
8592999,GO,2,799000.0,399500.0,2,2
4761003,MG,3,1829342.0,609780.6666666666,3,3
4330499,GO,3,534000.0,178000.0,3,3
5813100,PR,1,40500.0,40500.0,1,1
4330404,DF,1,0.0,0.0,1,1
0161003,MG,4,6743332.0,1685833.0,3,3
6190699,CE,3,792000.0,264000.0,2,2
4741500,DF,1,0.0,0.0,1,1
3101200,DF,2,0.0,0.0,1,2
5320202,SP,7,3009752.0,429964.5714285714,6,5
5813100,RN,1,300000.0,300000.0,1,1
4712100,SE,2,15289071.0,7644535.5,2,2
7420003,RS,2,44000.0,22000.0,2,1
5819100,GO,4,403000.0,100750.0,2,2
4322302,65639000,1,84300.0,84300.0,1,1
4520007,BA,2,4258688.0,2129344.0,2,2
3212400,SC,1,308000.0,308000.0,1,1
4742300,SP,2,14234.0,7117.0,1,1
4929902,BA,4,20134826.0,5033706.5,2,4
4743100,PR,4,972604200.0,243151050.0,4,2
1629301,76380112,1,3575.0,3575.0,1,1
4729601,MG,1,1233000.0,1233000.0,1,1
4743100,RN,1,499110.0,499110.0,1,1
4712100,PR,3,614667.0,204889.0,2,2
3314712,RS,1,245625.0,245625.0,1,1
1749400,MG,1,619500.0,619500.0,1,1
4761001,RESIDENCIAL DAS ACACIAS,1,86220.0,86220.0,1,1
4756300,RJ,2,85000.0,42500.0,1,1
7911200,SC,1,194520.0,194520.0,1,1
4743100,75175000,3,357500.0,119166.66666666667,3,1
5912099,22031100,6,525600.0,87600.0,4,1
1629301,AC,1,222000.0,222000.0,1,1
4732600,PR,1,116990.0,116990.0,1,1
4789003,MS,2,120000.0,60000.0,1,1
1096100,PR,1,79090.0,79090.0,1,1
5611205,RS,1,50000.0,50000.0,1,1
9001901,MS,1,30000.0,30000.0,1,1
3101200,76350000,1,303200.0,303200.0,1,1
4929901,PB,7,3563240.0,509034.28571428574,3,7
5819100,RS,3,759954.0,253318.0,3,3
4755503,GO,1,27990.0,27990.0,1,1
4399103,18770000,1,102000.0,102000.0,1,1
2349499,MS,3,240000.0,80000.0,1,3
4744099,RJ,2,2781905.0,1390952.5,2,1
2539001,PB,2,317200.0,158600.0,2,2
4520002,SC,2,38802000.0,19401000.0,2,2
3313999,MG,1,6549211.0,6549211.0,1,1
4722902,SP,1,283140.0,283140.0,1,1
4789004,PB,1,380000.0,380000.0,1,1
4753900,PB,1,530000.0,530000.0,1,1
9001901,38414434,1,198400.0,198400.0,1,1
4321500,TO,4,417400.0,104350.0,1,1
5620104,CE,1,603250.0,603250.0,1,1
9001906,76190000,1,120000.0,120000.0,1,1
9521500,PE,1,65000.0,65000.0,1,1
4772500,ES,1,18380.0,18380.0,1,1
4712100,PI,2,848945.0,424472.5,2,2
4520001,77560000,1,553225.0,553225.0,1,1
2539001,ES,1,200000.0,200000.0,1,1
4712100,RN,1,508000.0,508000.0,1,1
4753900,ES,2,903900.0,451950.0,2,1
8230001,58900000,1,650000.0,650000.0,1,1
8230001,RS,96,13639919.0,142082.48958333334,55,70
4530703,RS,21,9928794.0,472799.71428571426,13,13
1412602,SC,6,3150296.0,525049.3333333334,5,6
8230001,GO,31,3484233.0,112394.6129032258,17,14
9602502,SC,3,847720.0,282573.3333333333,3,3
4781400,SC,5,564287.0,112857.4,4,4
3101200,SP,13,1032079.0,79390.69230769231,8,8
9529102,MG,24,6996508.0,291521.1666666667,8,8
4520006,RN,3,1795450.0,598483.3333333334,3,3
5912099,PE,1,120000.0,120000.0,1,1
4322301,RS,4,637600.0,159400.0,3,3
4755503,73760000,10,272660.0,27266.0,6,1
4530705,SC,1,195250.0,195250.0,1,1
8599699,RJ,7,978754.0,139822.0,5,5
3101200,76460000,1,164000.0,164000.0,1,1
4330404,SP,41,7189398.0,175351.17073170733,22,24
3314701,SP,2,7300.0,3650.0,1,1
3811400,85440000,6,1006860.0,167810.0,1,1
4759801,RS,3,80250.0,26750.0,1,1
4930202,74484611,7,690490.0,98641.42857142857,1,1
9001902,MS,41,3507561.0,85550.26829268293,6,19
4930202,MG,9,165936532.0,18437392.444444444,3,5
3321000,SC,3,306020.0,102006.66666666667,3,3
4759899,MG,2,19699656.0,9849828.0,2,2
8592902,16018340,1,135000.0,135000.0,1,1
8599699,PR,41,17681919.0,431266.31707317074,20,31
9001902,77808666,2,102000.0,51000.0,1,1
4322302,PA,5,2350150.0,470030.0,5,5
4520001,MS,1,1237896.0,1237896.0,1,1
4752100,DF,9,183416.0,20379.555555555555,8,1
9001906,PR,16,2342100.0,146381.25,11,12
5620104,GO,13,2842851.0,218680.84615384616,7,5
4729699,MS,3,4610513.0,1536837.6666666667,2,1
6190699,RS,2,80000.0,40000.0,2,2
1813001,ES,7,437700.0,62528.57142857143,7,3
4530703,GO,15,1925372.0,128358.13333333333,6,5
4321500,MG,27,14311051.0,530038.925925926,19,18
8593700,28035302,1,1800.0,1800.0,1,1
4930204,RS,6,846500.0,141083.33333333334,6,5
5620104,AC,1,59360.0,59360.0,1,1
4729699,76285000,9,30800.0,3422.222222222222,1,1
5620104,RS,6,1130040.0,188340.0,5,5
4924800,SP,10,8184500.0,818450.0,8,10
8599605,MA,2,864630.0,432315.0,1,1
9001906,RN,4,1105000.0,276250.0,4,3
9700500,ES,1,21600.0,21600.0,1,1
4520006,PR,8,16427274.0,2053409.25,7,8
1813099,PB,2,120000.0,60000.0,1,1
3299002,BA,1,300700.0,300700.0,1,1
4751202,RN,2,334500.0,167250.0,2,2
4330404,AL,1,809962.0,809962.0,1,1
5590699,GO,7,640650.0,91521.42857142857,5,3
4759801,GO,2,86000.0,43000.0,2,2
4789002,76105000,3,576500.0,192166.66666666666,2,1
5611203,PE,1,6062017.0,6062017.0,1,1
4789005,GO,3,309100.0,103033.33333333333,3,3
9602501,MG,3,1306100.0,435366.6666666667,3,3
9001901,80050250,2,64800.0,32400.0,1,1
9001901,CRISTO REI,3,637200.0,212400.0,2,1
4744001,CENTRO,1,119662.0,119662.0,1,1
4789007,ES,1,29911.0,29911.0,1,1
9001906,RJ,3,1863992.0,621330.6666666666,3,3
4789099,SP,8,2592833.0,324104.125,8,8
4329101,BA,1,80000.0,80000.0,1,1
8219999,PE,3,515000.0,171666.66666666666,2,1
4789002,SP,1,75000.0,75000.0,1,1
1359600,DF,1,483780.0,483780.0,1,1
9602501,89520000,1,449988.0,449988.0,1,1
0159801,SP,2,180000.0,90000.0,1,1
1412601,MG,4,781450.0,195362.5,4,4
4744004,PB,1,504900.0,504900.0,1,1
1412603,DF,1,314955.0,314955.0,1,1
3299003,SC,1,169000.0,169000.0,1,1
4520006,75175000,2,390950.0,195475.0,2,1
4322301,GO,1,630000.0,630000.0,1,1
8599699,RN,1,99990.0,99990.0,1,1
5229002,PR,1,793735.0,793735.0,1,1
4789007,BA,4,853526.0,213381.5,4,2
8599605,MG,1,60000.0,60000.0,1,1
5811500,SP,9,1143470.0,127052.22222222222,8,3
4930204,GO,1,7000.0,7000.0,1,1
3811400,SP,2,673800.0,336900.0,2,2
4774100,SP,1,211200.0,211200.0,1,1
7912100,SP,2,303540.0,151770.0,2,2
1352900,ES,2,303750.0,151875.0,2,1
1322700,MG,1,112064.0,112064.0,1,1
4520006,SE,3,661200.0,220400.0,3,1
4724500,PA,1,27000.0,27000.0,1,1
4744004,BA,1,1739246.0,1739246.0,1,1
4723700,PE,2,1463882.0,731941.0,2,2
4741500,SP,1,5900.0,5900.0,1,1
5611204,MG,3,2757745.0,919248.3333333334,1,1
4761002,PR,1,98000.0,98000.0,1,1
4520005,MS,2,15840.0,7920.0,2,1
4789001,PB,1,134500.0,134500.0,1,1
8129000,74942150,3,2416561.0,805520.3333333334,2,1
4754701,SP,1,51800.0,51800.0,1,1
7732201,75660000,1,250000.0,250000.0,1,1
9511800,PE,2,618860.0,309430.0,2,2
4741500,MT,1,8250.0,8250.0,1,1
1813001,BA,1,118800.0,118800.0,1,1
8592999,CE,2,123715.0,61857.5,2,2
4520005,73970000,11,44200.0,4018.181818181818,1,1
1064300,MG,1,50000.0,50000.0,1,1
1311100,BA,1,500350.0,500350.0,1,1
4399103,75407290,1,954848.0,954848.0,1,1
7911200,PA,1,9955024.0,9955024.0,1,1
4763601,SC,1,650000.0,650000.0,1,1
4755503,CE,1,167241.0,167241.0,1,1
4789007,RJ,13,410816.0,31601.23076923077,11,2
7721700,SC,7,310000.0,44285.71428571428,3,3
4321500,CE,7,3965681.0,566525.8571428572,4,4
8599604,78068625,1,6000.0,6000.0,1,1
5612100,SC,5,1990872.0,398174.4,3,5
4751201,CENTRO,5,39000.0,7800.0,1,1
1412602,PE,4,203500.0,50875.0,2,2
9329899,SP,24,3272457.0,136352.375,20,20
5620101,76280000,19,751998.0,39578.84210526316,2,1
4729699,DF,7,62895.0,8985.0,3,1
4723700,SC,5,2077332.0,415466.4,5,4
5611203,SC,5,967098.0,193419.6,4,5
9001901,SP,99,10304780.0,104088.68686868687,32,60
4744001,SC,6,199095.0,33182.5,5,1
3319800,SP,14,2613171.0,186655.07142857142,10,8
1813099,PR,3,472420.0,157473.33333333334,3,2
4520006,ES,3,325970.0,108656.66666666667,3,3
4761003,RS,12,95593.0,7966.083333333333,5,5
8592999,MG,36,8651564.0,240321.22222222222,27,29
4520003,RS,20,986660.0,49333.0,4,6
4755503,MG,2,81693375.0,40846687.5,2,2
3313999,RS,3,16363755.0,5454585.0,3,3
9001902,75375000,2,108500.0,54250.0,2,1
1813001,PR,4,366430.0,91607.5,4,4
4321500,RO,16,651250.0,40703.125,1,1
4789003,SP,7,204800.0,29257.14285714286,4,4
8130300,SP,18,6082575.0,337920.8333333333,12,13
7420004,RS,8,765000.0,95625.0,8,6
8599603,SP,2,80000.0,40000.0,2,2
4399103,MG,22,80010506.0,3636841.1818181816,15,20
9511800,SC,2,189000.0,94500.0,2,2
0161003,GO,2,178850.0,89425.0,2,2
4330405,SP,2,340000.0,170000.0,2,2
4721102,GO,5,414730.0,82946.0,2,2
4761003,GO,8,3144279.0,393034.875,2,2
4520006,PB,8,6185445.0,773180.625,6,7
4520006,BA,10,13595778.0,1359577.8,7,7
9001906,ES,11,1697650.0,154331.81818181818,6,9
4923002,RS,4,456656.0,114164.0,3,3
8230001,96030001,1,80000.0,80000.0,1,1
3321000,PE,1,1083098.0,1083098.0,1,1
3702900,GO,4,1037500.0,259375.0,3,3
3314702,PI,1,34557807.0,34557807.0,1,1
7319099,SC,3,294525.0,98175.0,3,3
4520003,GO,13,937970.0,72151.53846153847,6,4
8219999,SC,6,320850.0,53475.0,6,2
4930201,DISTRITO DE BACILANDIA,1,216000.0,216000.0,1,1
3299004,DF,1,0.0,0.0,1,1
9001902,DF,8,1748918.0,218614.75,5,6
1091101,GO,2,329330.0,164665.0,2,2
9001901,80420120,8,291600.0,36450.0,1,1
3313999,GO,2,612800.0,306400.0,2,2
1091102,SC,2,349340.0,174670.0,2,2
9700500,RN,1,228000.0,228000.0,1,1
4789001,PR,3,4650936.0,1550312.0,3,3
3240099,RJ,1,5914999.0,5914999.0,1,1
4789007,PR,1,0.0,0.0,1,1
7420004,GO,5,1240000.0,248000.0,4,4
9700500,PR,3,249600.0,83200.0,2,3
7739099,SP,5,617525.0,123505.0,4,4
3329501,SC,1,84000.0,84000.0,1,1
1629301,MG,1,620000.0,620000.0,1,1
0161003,RS,2,2208900.0,1104450.0,2,2
5611205,MG,3,179200.0,59733.333333333336,3,3
5819100,MG,5,42495242.0,8499048.4,4,3
8230001,TO,4,1603400.0,400850.0,4,4
4721102,RS,2,2680699.0,1340349.5,2,2
4924800,75340000,1,3556872.0,3556872.0,1,1
4329101,PR,1,64700.0,64700.0,1,1
9001901,80320050,2,540500.0,270250.0,2,1
5611201,SC,2,106890.0,53445.0,1,2
9001906,BA,3,520000.0,173333.33333333334,2,2
9602502,PE,1,7000.0,7000.0,1,1
4759899,RO,4,512500.0,128125.0,2,1
5812302,RS,4,186800.0,46700.0,4,3
4751202,BA,2,149881.0,74940.5,2,2
8599699,BA,3,204000.0,68000.0,3,3
5611204,CE,2,1190000.0,595000.0,1,1
4330499,MG,1,408500.0,408500.0,1,1
1091101,RS,6,1282450.0,213741.66666666666,4,5
5912099,12237828,1,18050.0,18050.0,1,1
8130300,AL,1,135000.0,135000.0,1,1
8599699,PB,2,621720.0,310860.0,2,2
5912099,SC,3,1162032.0,387344.0,3,3
2950600,MG,1,0.0,0.0,1,1
4930201,73975000,1,650000.0,650000.0,1,1
4329101,SE,1,36996.0,36996.0,1,1
5819100,MA,1,195030.0,195030.0,1,1
4321500,RR,1,16450.0,16450.0,1,1
2542000,SC,1,113800.0,113800.0,1,1
2399101,MS,1,60000.0,60000.0,1,1
7420001,PA,1,3000.0,3000.0,1,1
9001906,PB,4,916500.0,229125.0,3,3
4399105,SP,1,210000.0,210000.0,1,1
5812302,GO,6,2116996.0,352832.6666666667,3,2
4744004,PR,1,42000.0,42000.0,1,1
4399105,75350000,1,300000.0,300000.0,1,1
5819100,SETOR HABITACIONAL CONTAGEM (SOBRADINHO),1,114500.0,114500.0,1,1
8599604,DF,1,30000.0,30000.0,1,1
5812301,SC,1,25550.0,25550.0,1,1
4751201,PE,1,589000.0,589000.0,1,1
7729202,PA,2,805750.0,402875.0,2,2
8129000,MS,1,396000.0,396000.0,1,1
4721104,SP,1,1800.0,1800.0,1,1
3240099,PR,1,8000.0,8000.0,1,1
1352900,PR,1,487500.0,487500.0,1,1
1749400,GO,1,88700.0,88700.0,1,1
9329899,29101125,1,91000.0,91000.0,1,1
1092900,MG,1,296037.0,296037.0,1,1
8599603,AL,1,42000.0,42000.0,1,1
5320201,RS,1,199486.0,199486.0,1,1
8130300,MT,1,102000.0,102000.0,1,1
3319800,76050174,1,176130.0,176130.0,1,1
4753900,78075685,1,236625.0,236625.0,1,1
5812300,MG,1,390000.0,390000.0,1,1
4930201,81130330,1,254760.0,254760.0,1,1
9001906,12237821,2,33100.0,16550.0,1,1
1749400,RS,1,231750.0,231750.0,1,1
3314702,RJ,1,15900.0,15900.0,1,1
9001902,MG,239,49268163.0,206142.94142259413,119,158
8230001,SP,204,23353813.0,114479.47549019608,80,102
4924800,RS,4,40497.0,10124.25,2,4
8230001,MT,4,1057650.0,264412.5,4,3
4330404,RS,33,199361595.0,6041260.454545454,24,23
4322302,PR,4,1122874.0,280718.5,4,3
4930201,PB,1,85000.0,85000.0,1,1
5620102,RJ,5,626300.0,125260.0,5,2
8592903,PR,24,12014904.0,500621.0,12,16
4759801,SP,6,420130.0,70021.66666666667,5,5
5620104,SP,10,1035280.0,103528.0,6,7
8599604,MG,13,2179178.0,167629.07692307694,11,12
4789005,SP,7,478280.0,68325.71428571429,3,3
4754703,RJ,4,1446704.0,361676.0,3,1
3101200,RS,21,2271570.0,108170.0,15,15
4789002,GO,20,2288011.0,114400.55,7,7
4330404,GO,14,1893271.0,135233.64285714287,11,11
4724500,PR,7,2159092.0,308441.71428571426,3,4
4789002,RS,10,324000.0,32400.0,7,7
4520001,MG,24,18547370.0,772807.0833333334,17,18
9601701,MG,2,150760.0,75380.0,2,2
4924800,GO,19,379939154.0,19996797.57894737,10,13
4713002,SP,12,114187.0,9515.583333333334,4,3
7729202,ES,2,369017.0,184508.5,2,2
7319002,BA,8,863935.0,107991.875,8,5
4520002,PR,6,5190600.0,865100.0,6,6
9001902,LOJA,1,182160.0,182160.0,1,1
7319002,PB,5,382450.0,76490.0,3,2
7911200,PR,3,495376.0,165125.33333333334,3,2
9001902,88304101,1,12000.0,12000.0,1,1
5811500,RS,6,632500.0,105416.66666666667,5,5
3101200,GO,12,3133296.0,261108.0,7,7
4712100,SC,2,15571600.0,7785800.0,1,1
7729202,BA,2,952800.0,476400.0,2,2
8592902,PE,1,10000.0,10000.0,1,1
9002702,MG,6,1514060.0,252343.33333333334,5,5
4330403,MA,1,299200.0,299200.0,1,1
4923002,25963620,1,700000.0,700000.0,1,1
7420001,BA,3,572000.0,190666.66666666666,3,3
7319002,ES,3,1279500.0,426500.0,3,3
4322302,RN,5,2027740.0,405548.0,5,5
4520005,MG,10,4579689.0,457968.9,10,10
8599604,MA,2,159000.0,79500.0,1,2
8592903,SE,1,160000.0,160000.0,1,1
6190699,SP,6,909600.0,151600.0,2,2
4322302,RJ,3,1052905.0,350968.3333333333,3,3
4530704,GO,4,2700110.0,675027.5,1,2
8219901,MG,6,176120.0,29353.333333333332,3,3
8230001,AL,3,214400.0,71466.66666666667,3,3
4754701,RS,4,403080.0,100770.0,2,2
7911200,RJ,1,1000000.0,1000000.0,1,1
4729699,MG,4,77330.0,19332.5,4,4
4321500,MS,1,66000.0,66000.0,1,1
4741500,RS,2,6217019.0,3108509.5,1,1
8592903,RJ,2,570000.0,285000.0,2,2
4530703,MT,4,2234458.0,558614.5,4,2
4322301,SP,3,789563.0,263187.6666666667,1,1
1813001,CIDADE JARDIM,1,4595808.0,4595808.0,1,1
4789099,GO,4,702174.0,175543.5,4,4
3299004,MG,2,60244.0,30122.0,2,2
5812301,76330000,2,527970.0,263985.0,2,1
4330499,DF,1,0.0,0.0,1,1
9001902,MA,2,225000.0,112500.0,2,2
1099604,PR,1,262910.0,262910.0,1,1
4930204,SP,1,67500.0,67500.0,1,1
4399103,DF,2,60000.0,30000.0,2,2
1096100,SC,1,1000.0,1000.0,1,1
9609299,SC,1,55000.0,55000.0,1,1
4399199,RR,1,204000.0,204000.0,1,1
4789099,RS,4,285390.0,71347.5,3,3
5620101,BA,4,4564825.0,1141206.25,3,4
4752100,CE,1,207234.0,207234.0,1,1
9521500,ES,1,30000.0,30000.0,1,1
4930201,BA,6,16574078.0,2762346.3333333335,3,6
4754701,GO,1,21500.0,21500.0,1,1
3600602,SE,3,3000000.0,1000000.0,1,2
5590699,SP,2,185000.0,92500.0,2,2
4923001,GO,2,697500.0,348750.0,2,2
8230001,80530903,1,220000.0,220000.0,1,1
4530703,SP,13,1752501.0,134807.76923076922,4,5
3600602,RN,2,17623826.0,8811913.0,1,1
4755502,73930000,1,440000.0,440000.0,1,1
4759801,MT,2,314020.0,157010.0,2,2
5620101,ES,1,131250.0,131250.0,1,1
4743100,SC,1,28000.0,28000.0,1,1
9529199,PR,1,72000.0,72000.0,1,1
8592999,87045360,1,35000.0,35000.0,1,1
1340501,MG,1,0.0,0.0,1,1
4757100,PE,1,230193.0,230193.0,1,1
8592999,DF,1,2500.0,2500.0,1,1
1412601,MS,1,44400.0,44400.0,1,1
7911200,PI,1,219984.0,219984.0,1,1
1622699,PR,1,755520.0,755520.0,1,1
2330399,PR,1,0.0,0.0,1,1
4755502,CE,1,97678.0,97678.0,1,1
8592999,88900216,1,50000.0,50000.0,1,1
4722901,RO,1,104148.0,104148.0,1,1
9609299,35160350,2,77000.0,38500.0,2,1
5813100,SC,1,250560.0,250560.0,1,1
7911200,RN,1,620100.0,620100.0,1,1
4330403,MG,1,105000.0,105000.0,1,1
7420001,ES,1,102000.0,102000.0,1,1
9001902,06210050,1,162500.0,162500.0,1,1
7420004,CASA,1,110000.0,110000.0,1,1
3314707,RO,1,89600.0,89600.0,1,1
4742300,CE,2,186000.0,93000.0,1,1
8592903,RN,1,50000.0,50000.0,1,1
3314707,76152000,3,408550.0,136183.33333333334,3,1
5223100,SC,1,288000.0,288000.0,1,1
4929902,PE,1,354000.0,354000.0,1,1
4783102,SP,1,250000.0,250000.0,1,1
3314701,RS,1,49500.0,49500.0,1,1
7420001,75555000,1,33200.0,33200.0,1,1
9521500,BA,1,6291775.0,6291775.0,1,1
4321500,93220250,1,95250.0,95250.0,1,1
3314707,CE,1,6381059.0,6381059.0,1,1
4541206,BA,1,2190000.0,2190000.0,1,1
9001902,RS,153,14306716.0,93507.9477124183,79,109
4520001,RS,69,11785356.0,170802.26086956522,13,21
4520001,GO,42,1479005.0,35214.40476190476,16,9
4781400,BA,11,16590059.0,1508187.1818181819,9,7
8219999,RJ,5,413167.0,82633.4,5,2
4924800,MG,55,68775687.0,1250467.0363636364,28,48
9529102,SP,54,4197238.0,77726.62962962964,16,18
4321500,SP,58,8017490.0,138232.58620689655,38,41
4321500,AL,8,4082009.0,510251.125,5,5
4520005,GO,69,6522772.0,94532.92753623189,15,15
4520005,RS,31,4622599.0,149116.09677419355,12,12
5611203,PR,14,2304448.0,164603.42857142858,10,7
5612100,PR,1,608500.0,608500.0,1,1
1412601,SP,13,2216833.0,170525.61538461538,12,10
4741500,MG,5,73310.0,14662.0,5,1
5212500,GO,9,1897477.0,210830.77777777778,2,1
4759899,SP,5,78330.0,15666.0,3,3
4781400,PB,7,422181.0,60311.57142857143,1,1
8230002,RJ,4,519480.0,129870.0,4,3
9602501,AL,8,286470.0,35808.75,2,1
8230001,MS,11,1446275.0,131479.54545454544,2,8
9001902,GO,28,4322530.0,154376.07142857142,16,17
3101200,MG,8,2097300.0,262162.5,5,6
4759801,MS,2,3363636.0,1681818.0,2,1
3329501,RJ,1,148200.0,148200.0,1,1
9700500,SC,2,104300.0,52150.0,2,2
4543900,PR,4,3687850.0,921962.5,1,1
4930202,SP,8,10663580.0,1332947.5,8,8
9602501,SP,14,1705300.0,121807.14285714286,8,7
5912099,PI,1,300000.0,300000.0,1,1
4330404,MG,14,9442390.0,674456.4285714285,11,11
7739003,76200000,1,221700.0,221700.0,1,1
7319099,PR,6,1468163.0,244693.83333333334,6,6
9001906,PE,16,823000.0,51437.5,6,6
4399103,CASA,3,485280.0,161760.0,1,1
4751201,BA,15,8233321.0,548888.0666666667,9,9
9511800,RJ,4,1980675.0,495168.75,4,4
4781400,ES,2,100910.0,50455.0,2,2
7739003,PR,2,184000.0,92000.0,2,2
5611204,SP,1,151000.0,151000.0,1,1
4763604,GO,2,129900.0,64950.0,1,1
9511800,PR,6,3234322.0,539053.6666666666,4,4
4923001,MG,3,1114912.0,371637.3333333333,3,3
7990200,SP,6,888400.0,148066.66666666666,3,3
3299004,GO,1,37500.0,37500.0,1,1
8219999,RN,5,1214100.0,242820.0,5,5
5611201,PR,8,1632354.0,204044.25,6,6
2542000,PR,8,403350.0,50418.75,3,1
4783101,ES,1,170000.0,170000.0,1,1
4751201,ES,4,2639000.0,659750.0,4,4
9001902,49095650,1,100000.0,100000.0,1,1
3299003,BA,5,641259.0,128251.8,1,1
4789099,MG,1,188500.0,188500.0,1,1
8219901,RS,5,80410.0,16082.0,2,2
7319002,76220000,2,810000.0,405000.0,1,1
5812302,DF,1,0.0,0.0,1,1
3299003,ES,4,837539.0,209384.75,4,1
8599604,GO,11,4140580.0,376416.36363636365,9,8
4330403,GO,3,305350.0,101783.33333333333,3,3
9001906,29052120,2,80000.0,40000.0,1,1
5611201,RN,2,1535000.0,767500.0,2,2
5611203,RN,1,247500.0,247500.0,1,1
1521100,GO,1,5900.0,5900.0,1,1
8599604,RS,20,2183606.0,109180.3,16,18
5812301,PR,1,244800.0,244800.0,1,1
4754701,MG,2,754000.0,377000.0,2,2
4723700,RN,3,655600.0,218533.33333333334,3,3
8599699,PE,6,625800.0,104300.0,3,3
8592999,ICARAI,1,350000.0,350000.0,1,1
9001906,CENTRO,2,208800.0,104400.0,1,1
4761003,DF,8,1414230.0,176778.75,8,2
4930201,76220000,1,480000.0,480000.0,1,1
7721700,PR,28,6308351.0,225298.25,5,5
8599605,SP,6,1154950.0,192491.66666666666,6,4
4763601,BA,2,7024172.0,3512086.0,1,1
9511800,RN,5,1195520.0,239104.0,4,5
7319099,76200000,2,558000.0,279000.0,2,1
9002702,RS,1,1421000.0,1421000.0,1,1
5812301,PI,1,642000.0,642000.0,1,1
3314707,TO,6,1134130.0,189021.66666666666,3,1
4724500,75410000,4,1642196.0,410549.0,4,1
7319099,RN,1,200000.0,200000.0,1,1
4789005,AM,2,101000.0,50500.0,2,1
5912099,PR,3,91800.0,30600.0,1,1
8230001,42706100,1,435769.0,435769.0,1,1
5912001,80420120,1,75600.0,75600.0,1,1
4330404,MA,1,0.0,0.0,1,1
7319099,RJ,1,350000.0,350000.0,1,1
4530704,MG,1,0.0,0.0,1,1
4520005,29400000,1,79200.0,79200.0,1,1
3811400,MG,1,0.0,0.0,1,1
4520005,75795000,4,99800.0,24950.0,1,1
1091102,PR,3,273634.0,91211.33333333333,2,2
4789002,MG,2,189700.0,94850.0,2,2
4543900,PI,1,1590000.0,1590000.0,1,1
8130300,RO,1,155650.0,155650.0,1,1
8219901,GO,5,807162.0,161432.4,4,4
4759899,76630000,2,180000.0,90000.0,1,1
2512800,SP,1,31000.0,31000.0,1,1
7721700,RN,1,70000.0,70000.0,1,1
4744002,RS,1,6000.0,6000.0,1,1
9511800,SE,3,358800.0,119600.0,3,1
4713002,MS,1,629900.0,629900.0,1,1
4930204,MS,1,611000.0,611000.0,1,1
4729699,GO,1,582650.0,582650.0,1,1
4729699,RS,2,1097400.0,548700.0,2,2
4723700,RJ,1,8328.0,8328.0,1,1
1412602,BA,6,7768297.0,1294716.1666666667,5,5
1094500,SP,1,193872.0,193872.0,1,1
9601701,RS,2,16000.0,8000.0,2,2
3321000,BA,2,1202000.0,601000.0,2,2
5611201,PI,1,2605354.0,2605354.0,1,1
4743100,76202668,2,77500.0,38750.0,1,1
3299002,SC,1,41000.0,41000.0,1,1
8219999,SE,1,210000.0,210000.0,1,1
3314701,MG,1,3300.0,3300.0,1,1
8219999,PR,6,216315.0,36052.5,3,2
4520008,SP,3,29600.0,9866.666666666666,1,1
4789005,MS,1,414000.0,414000.0,1,1
5620104,MS,1,785345.0,785345.0,1,1
2532201,RS,1,2400000.0,2400000.0,1,1
8299799,GO,1,10000.0,10000.0,1,1
8230002,PR,2,1757499.0,878749.5,2,2
9001901,CE,2,110000.0,55000.0,1,1
4723700,PR,1,57400.0,57400.0,1,1
4520001,75440000,1,317850.0,317850.0,1,1
1813099,SC,1,7283754.0,7283754.0,1,1
1412602,ES,2,211000.0,105500.0,2,2
8299799,RS,1,12000.0,12000.0,1,1
8592999,CASA,1,50000.0,50000.0,1,1
7420001,29056255,1,215000.0,215000.0,1,1
5611203,PI,1,26400.0,26400.0,1,1
5620103,PR,1,540000.0,540000.0,1,1
5811500,MG,1,78000.0,78000.0,1,1
5912099,RJ,1,10000.0,10000.0,1,1
8219999,SP,48,7828435.0,163092.39583333334,35,26
4753900,RS,5,180650.0,36130.0,3,3
2539001,RS,9,1290973.0,143441.44444444444,5,5
7319099,SP,101,1999793.0,19799.930693069306,13,14
5612100,SP,4,97980.0,24495.0,2,4
9001906,MG,28,7467260.0,266687.85714285716,25,23
9529105,RS,11,669570.0,60870.0,8,9
4723700,SP,10,884666.0,88466.6,9,9
7739003,SP,11,1777040.0,161549.0909090909,4,4
5611203,SP,25,45666590.0,1826663.6,9,10
4321500,PR,69,34759596.0,503762.26086956525,7,8
7319099,MT,5,80000.0,16000.0,1,1
4929902,RS,1,350000.0,350000.0,1,1
5912099,SP,16,2020705.0,126294.0625,12,12
8230002,SP,6,340650.0,56775.0,5,4
2539001,GO,20,294200.0,14710.0,5,4
1412601,PR,11,2026230.0,184202.72727272726,9,4
5611201,SP,12,3613239.0,301103.25,8,8
7721700,SP,15,1834209.0,122280.6,8,9
7420001,DF,2,559560.0,279780.0,2,2
8599699,MG,19,6292363.0,331177.0,15,16
1091102,SP,8,402290.0,50286.25,3,3
8592999,BA,6,1416900.0,236150.0,6,5
5611204,PR,2,130010.0,65005.0,2,2
4321500,RJ,1,625418.0,625418.0,1,1
4930202,PR,6,1283000.0,213833.33333333334,2,3
8592999,ES,12,1020632.0,85052.66666666667,9,6
2512800,SE,1,200000.0,200000.0,1,1
4759899,RJ,1,616994.0,616994.0,1,1
4744001,SP,13,606203.0,46631.0,6,5
9001901,SC,5,400144.0,80028.8,3,3
5819100,BA,4,5274768.0,1318692.0,4,4
4759899,PR,1,31980.0,31980.0,1,1
4755503,ES,1,97500.0,97500.0,1,1
9511800,SP,24,5051142.0,210464.25,15,15
5819100,PB,2,1024737.0,512368.5,2,1
2542000,SP,29,2912105.0,100417.41379310345,15,14
2512800,PR,3,6778350.0,2259450.0,3,3
9602501,PR,5,190702402.0,38140480.4,4,5
4929901,GO,1,50000.0,50000.0,1,1
7911200,AM,1,41600.0,41600.0,1,1
3329501,SP,3,106620.0,35540.0,3,3
4761001,RS,10,256879.0,25687.9,6,6
4322302,MS,6,142491474.0,23748579.0,5,3
4520006,MG,12,5486845.0,457237.0833333333,11,12
4789004,GO,1,96000.0,96000.0,1,1
4757100,GO,3,12705034.0,4235011.333333333,1,1
9529102,PR,4,863075.0,215768.75,4,4
4772500,GO,5,285620.0,57124.0,4,3
4757100,RS,2,13140.0,6570.0,2,2
1091101,76730000,3,366500.0,122166.66666666667,2,1
8592902,40060090,1,320000.0,320000.0,1,1
4520007,RS,2,19906.0,9953.0,2,2
4330405,SC,2,4420625.0,2210312.5,1,1
7319002,DF,1,0.0,0.0,1,1
5611204,RJ,1,5815152.0,5815152.0,1,1
4929902,GO,2,491000.0,245500.0,2,2
5611203,AL,1,1904256.0,1904256.0,1,1
5912001,PR,8,602100.0,75262.5,2,5
4761001,93032205,1,236400.0,236400.0,1,1
4399103,BA,4,17853380.0,4463345.0,3,4
5611201,AL,1,7604629.0,7604629.0,1,1
1412601,RJ,2,205200.0,102600.0,1,1
4789099,76540000,2,54600.0,27300.0,1,1
5812301,SP,7,1402962.0,200423.14285714287,6,6
9511800,MT,1,60000.0,60000.0,1,1
7990200,PR,4,335000.0,83750.0,4,4
4399103,ES,1,620010.0,620010.0,1,1
4321500,76660000,1,420000.0,420000.0,1,1
4789004,RS,2,212708799.0,106354399.5,2,2
8593700,ES,2,40850.0,20425.0,1,1
7733100,RS,1,114000.0,114000.0,1,1
8592902,RS,13,4696706.0,361285.07692307694,12,13
5812301,AL,1,100000.0,100000.0,1,1
5611201,MT,1,456120.0,456120.0,1,1
4321500,RN,2,9864215.0,4932107.5,2,2
1094500,PR,3,1386422.0,462140.6666666667,3,3
8230001,CASA casa,1,36000.0,36000.0,1,1
4929901,RS,1,84000.0,84000.0,1,1
9329899,SC,6,8845352.0,1474225.3333333333,6,6
4781400,AREAL (AGUAS CLARAS),1,42000.0,42000.0,1,1
4789008,SP,6,356600.0,59433.333333333336,3,3
8130300,SC,5,1165255.0,233051.0,5,5
4762800,SP,1,27010.0,27010.0,1,1
4923001,PE,1,360000.0,360000.0,1,1
8592903,MS,1,2352555.0,2352555.0,1,1
9602501,PI,3,650000.0,216666.66666666666,1,1
1033302,SC,1,340000.0,340000.0,1,1
4321500,75810000,1,648053298.0,648053298.0,1,1
0121101,CE,1,805480.0,805480.0,1,1
5611205,PB,1,480000.0,480000.0,1,1
5811500,PE,1,116800.0,116800.0,1,1
4753900,GO,6,2894900.0,482483.3333333333,6,2
5620101,76230000,3,675000.0,225000.0,2,1
4772500,RS,2,100120.0,50060.0,2,2
9529102,75950000,1,12000.0,12000.0,1,1
5912099,AL,4,636466.0,159116.5,4,2
5912099,MT,1,750015.0,750015.0,1,1
4789003,SC,2,33060.0,16530.0,2,2
9602501,RJ,1,359976.0,359976.0,1,1
7420001,88308600,1,496032.0,496032.0,1,1
4789099,PE,1,232580.0,232580.0,1,1
8219999,AL,1,40000.0,40000.0,1,1
9602501,SE,1,100000.0,100000.0,1,1
4543900,SP,2,6600.0,3300.0,1,1
3299099,88317200,1,40000.0,40000.0,1,1
3212400,MS,2,60000.0,30000.0,1,1
5612100,SETOR DERGO,1,121000.0,121000.0,1,1
8599604,40280902,1,640000.0,640000.0,1,1
9511800,76200019,15,254600.0,16973.333333333332,6,1
9512600,75466438,2,436498.0,218249.0,1,1
4772500,75795000,1,30550.0,30550.0,1,1
8592999,PB,1,252100.0,252100.0,1,1
3101200,PE,2,407260.0,203630.0,2,2
4330499,BA,1,5817275.0,5817275.0,1,1
4520007,GO,1,7700.0,7700.0,1,1
4924800,PE,4,59160609.0,14790152.25,2,4
4330404,CENTRO,1,3160753.0,3160753.0,1,1
3314711,MG,1,0.0,0.0,1,1
8299703,MG,1,56750.0,56750.0,1,1
9001902,75180000,1,302500.0,302500.0,1,1
9700500,CE,1,120000.0,120000.0,1,1
4755503,PB,1,30870.0,30870.0,1,1
4789007,CE,1,12000.0,12000.0,1,1
8599605,RN,1,150000.0,150000.0,1,1
4399103,PB,1,330000.0,330000.0,1,1
9001902,ES,134,17488497.0,130511.17164179105,32,66
5223100,SP,2,472000.0,236000.0,2,2
4763601,RS,4,480400.0,120100.0,3,4
4744099,SP,5,166440.0,33288.0,4,4
9700500,MS,1,195000.0,195000.0,1,1
9521500,MG,6,346200.0,57700.0,2,2
9001902,BA,66,18017658.0,272994.8181818182,41,46
4751201,RS,6,557200.0,92866.66666666667,4,4
4520005,ES,9,7736156.0,859572.8888888889,8,6
4712100,SP,16,1050116.0,65632.25,4,4
9602502,GO,1,289560.0,289560.0,1,1
1412602,RS,17,1532232.0,90131.29411764706,8,10
1412602,GO,4,276105.0,69026.25,4,3
4729699,ES,1,156000.0,156000.0,1,1
9512600,PR,2,1560755.0,780377.5,2,2
4930201,MG,47,190325170.0,4049471.7021276597,17,18
4743100,SP,8,491136.0,61392.0,7,7
3299099,PR,9,210150.0,23350.0,1,1
8129000,PR,3,1413600.0,471200.0,3,3
1359600,PR,2,553500.0,276750.0,2,2
4520005,PB,6,2602416.0,433736.0,5,5
4751201,GO,52,12499621.0,240377.32692307694,22,11
8230001,SC,18,7300920.0,405606.6666666667,16,17
9601701,BA,4,296485.0,74121.25,2,3
3321000,GO,6,1441100.0,240183.33333333334,4,2
4541206,MG,2,4146255.0,2073127.5,2,2
7729202,MG,6,1977710.0,329618.3333333333,4,3
4756300,SP,4,635000.0,158750.0,3,3
1813099,MS,1,3480.0,3480.0,1,1
3314707,PR,3,422500.0,140833.33333333334,2,2
4755502,PR,1,230000.0,230000.0,1,1
4520005,BA,18,22682958.0,1260164.3333333333,13,14
7319002,MG,14,551400.0,39385.71428571428,8,7
7420001,MG,11,2570890.0,233717.27272727274,10,8
4713002,SC,1,37100.0,37100.0,1,1
4520001,BA,15,3947826555.0,263188437.0,12,14
9529199,RO,1,325000.0,325000.0,1,1
1091102,TO,1,390000.0,390000.0,1,1
3299003,RS,2,54500.0,27250.0,2,2
9602502,RS,13,629450.0,48419.230769230766,8,8
9001902,PB,12,2803527.0,233627.25,8,9
4763602,SP,2,548450.0,274225.0,2,2
4781400,RS,8,921388.0,115173.5,8,8
4781400,GO,6,683140.0,113856.66666666667,6,5
7739003,TO,2,417000.0,208500.0,2,1
4520001,PB,2,1296120.0,648060.0,2,2
4755502,RJ,2,27440.0,13720.0,2,1
8599604,BA,1,600000.0,600000.0,1,1
4322302,RO,5,1433192.0,286638.4,5,4
8599604,PB,3,698520.0,232840.0,3,3
5611203,TO,1,0.0,0.0,1,1
8712300,PR,3,3080809.0,1026936.3333333334,3,3
8599699,DF,1,0.0,0.0,1,1
4322302,CE,3,2675276.0,891758.6666666666,3,3
8219999,TO,2,1134000.0,567000.0,2,2
3299003,GO,4,721300.0,180325.0,3,3
5320202,PR,1,465360.0,465360.0,1,1
3832700,MG,1,50000.0,50000.0,1,1
1749400,PE,1,35000.0,35000.0,1,1
3321000,RS,5,175400.0,35080.0,3,3
5620104,SC,2,666150.0,333075.0,2,2
7420001,MA,1,105000.0,105000.0,1,1
9609299,SP,9,64187842.0,7131982.444444444,7,9
9512600,RJ,4,167200.0,41800.0,4,2
7911200,CE,5,487500.0,97500.0,1,1
4924800,37730000,1,8579216.0,8579216.0,1,1
9511800,TO,3,360959.0,120319.66666666667,3,2
3314710,BA,2,1404469.0,702234.5,1,1
4754703,CE,1,200000.0,200000.0,1,1
8592903,CE,1,200000.0,200000.0,1,1
9700500,75620000,1,300000.0,300000.0,1,1
3299002,MS,2,589115.0,294557.5,2,1
4520002,73760000,4,93500.0,23375.0,1,1
5912099,TO,1,385000.0,385000.0,1,1
4399199,PR,3,20824773.0,6941591.0,2,2
9512600,RN,1,193500.0,193500.0,1,1
4520005,76440000,19,192608.0,10137.263157894737,1,1
3314707,PI,1,436440.0,436440.0,1,1
1093701,GO,4,1320465.0,330116.25,3,3
5320202,RN,1,600000.0,600000.0,1,1
9529103,SP,2,238200.0,119100.0,2,2
9001902,52041640,2,115400.0,57700.0,2,1
5620101,MG,1,512200.0,512200.0,1,1
8219901,BA,1,2157353.0,2157353.0,1,1
4321500,75480000,3,61820.0,20606.666666666668,1,1
1412603,RJ,1,180000.0,180000.0,1,1
1063500,SC,1,57400.0,57400.0,1,1
5813100,SP,7,4057250.0,579607.1428571428,2,2
8230001,75200000,1,7799948.0,7799948.0,1,1
3313901,RS,1,0.0,0.0,1,1
3313901,GO,1,5500.0,5500.0,1,1
9001902,COND,1,35000.0,35000.0,1,1
4752100,PR,1,1.0,1.0,1,1
1813001,MS,1,192350.0,192350.0,1,1
4530705,RS,2,3561023.0,1780511.5,2,2
4923002,PE,1,300000.0,300000.0,1,1
4729699,PB,1,42250.0,42250.0,1,1
4761003,PE,1,3184812.0,3184812.0,1,1
3299099,89820000,1,345000.0,345000.0,1,1
4789001,MS,1,220000.0,220000.0,1,1
8599604,ES,1,35000.0,35000.0,1,1
4755502,RN,1,152000.0,152000.0,1,1
4330403,BA,1,645500.0,645500.0,1,1
4530703,SC,1,35165000.0,35165000.0,1,1
4729699,BA,1,360000.0,360000.0,1,1
8599699,03182020,1,65000.0,65000.0,1,1
4924800,76355000,1,1008000.0,1008000.0,1,1
8599699,GO,5,732000.0,146400.0,4,5
4742300,SC,5,4457677.0,891535.4,5,4
9001906,RS,35,3278800.0,93680.0,24,22
2330399,SP,1,11800.0,11800.0,1,1
5620104,PR,7,6185654.0,883664.8571428572,6,7
4724500,SP,28,3492243.0,124722.96428571429,4,2
8230001,PR,61,18043823.0,295800.37704918033,25,35
3314711,RS,2,91300.0,45650.0,2,2
8592903,SP,75,27508501.0,366780.0133333333,39,60
4751202,RS,2,11700.0,5850.0,1,1
4322302,SP,45,13385300.0,297451.1111111111,25,24
9001902,PE,46,5679000.0,123456.52173913043,22,27
4322303,SP,6,511510.0,85251.66666666667,3,3
4754703,SP,5,173000.0,34600.0,1,1
7420004,ES,1,448000.0,448000.0,1,1
1813099,TO,1,161200.0,161200.0,1,1
4520006,RS,42,17989213.0,428314.59523809527,10,11
4789005,RJ,5,45996958.0,9199391.6,2,2
4520002,SP,8,450440.0,56305.0,6,6
8230001,RJ,26,4167134.0,160274.38461538462,23,19
4712100,CE,19,11052366.0,581703.4736842106,3,5
9001906,GO,17,8889211.0,522894.76470588235,9,6
4757100,MG,3,23800.0,7933.333333333333,1,1
3299099,SC,4,9529650.0,2382412.5,4,4
8230001,RN,13,2535000.0,195000.0,12,9
4520006,GO,73,4458918.0,61081.068493150684,11,5
7911200,SP,22,3895306.0,177059.36363636365,7,8
3101200,PA,3,188180.0,62726.666666666664,1,1
7420004,BA,7,2963392.0,423341.71428571426,7,7
5229002,GO,1,303000.0,303000.0,1,1
4520003,BA,3,1101695.0,367231.6666666667,3,3
7420004,74030071,1,95000.0,95000.0,1,1
9001902,88301303,1,80000.0,80000.0,1,1
4761003,PB,2,5742236.0,2871118.0,2,2
4322302,AL,5,727000.0,145400.0,2,2
4721102,75820000,3,41065.0,13688.333333333334,1,1
9529105,MG,4,937360.0,234340.0,4,4
4759801,PR,3,265063.0,88354.33333333333,2,3
5812302,ES,1,2514432.0,2514432.0,1,1
5620102,SP,5,1432018.0,286403.6,5,5
8599699,RS,23,10771046.0,468306.347826087,18,21
2539001,MG,3,448645.0,149548.33333333334,3,3
5912099,73970000,2,720000.0,360000.0,1,1
4330404,PA,1,579840.0,579840.0,1,1
7420004,PB,1,612000.0,612000.0,1,1
4929901,MG,6,200627770.0,33437961.666666668,6,6
4530703,RJ,3,2004800.0,668266.6666666666,3,2
4530703,RN,1,2297515.0,2297515.0,1,1
8230001,SE,9,2513951.0,279327.8888888889,3,4
3314711,GO,6,93460.0,15576.666666666666,2,2
1091101,PB,3,2616050.0,872016.6666666666,3,3
7319002,82620300,3,89100.0,29700.0,1,1
4322301,PR,1,36300.0,36300.0,1,1
4753900,MA,3,1834919.0,611639.6666666666,3,2
9609299,CE,4,1194800.0,298700.0,3,3
5812302,BA,1,555000.0,555000.0,1,1
3220500,SP,3,63000.0,21000.0,2,2
4929902,MG,1,16216068.0,16216068.0,1,1
1359600,SC,8,3076192.0,384524.0,3,7
4923002,BA,4,10870696.0,2717674.0,2,2
4761001,MG,2,162699.0,81349.5,1,1
5811500,80045165,1,64800.0,64800.0,1,1
1091101,ES,1,50000.0,50000.0,1,1
4772500,MG,1,297000.0,297000.0,1,1
4399105,75635000,3,187000.0,62333.333333333336,1,1
4330402,SP,4,216248.0,54062.0,2,2
3311200,PB,2,350000.0,175000.0,2,1
5590699,PR,1,396900.0,396900.0,1,1
0161003,BA,3,2498500.0,832833.3333333334,2,1
4763602,CE,6,2662404.0,443734.0,1,1
1099604,SP,8,19135.0,2391.875,1,1
4520007,MG,1,525000.0,525000.0,1,1
4322302,MT,2,633900.0,316950.0,2,2
4789004,MG,4,16077593.0,4019398.25,4,1
8219999,AM,1,360000.0,360000.0,1,1
5223100,RO,1,62400.0,62400.0,1,1
7721700,AM,1,125000.0,125000.0,1,1
3212400,SP,1,72000.0,72000.0,1,1
8219901,CENTRO,1,46100.0,46100.0,1,1
0161003,PB,1,184800.0,184800.0,1,1
4752100,SC,1,6000.0,6000.0,1,1
4751202,GO,2,403000.0,201500.0,1,1
3314707,SC,1,25200.0,25200.0,1,1
5620102,MT,1,35000.0,35000.0,1,1
8219999,75398000,2,89910.0,44955.0,2,1
9511800,MS,1,252000.0,252000.0,1,1
5812301,AM,1,840000.0,840000.0,1,1
4923001,PA,1,256500.0,256500.0,1,1
9529199,SP,3,179500.0,59833.333333333336,3,3
4520006,85415000,1,4058986.0,4058986.0,1,1
4721102,BA,5,9310006.0,1862001.2,3,3
8230001,PI,1,599000.0,599000.0,1,1
4721102,PB,2,597000.0,298500.0,2,2
9529102,76195000,4,1205700.0,301425.0,4,1
8592902,MG,2,5957.0,2978.5,2,2
4763602,RO,4,974836.0,243709.0,2,1
4712100,75930000,1,570000.0,570000.0,1,1
0161002,SC,1,1094250.0,1094250.0,1,1
8599604,PE,1,70000.0,70000.0,1,1
4520005,PE,1,86400.0,86400.0,1,1
5819100,65066190,1,350000.0,350000.0,1,1
2542000,MS,1,55000.0,55000.0,1,1
8011102,RJ,1,29400.0,29400.0,1,1
7739003,76380732,1,150000.0,150000.0,1,1
4520001,PE,2,3296600.0,1648300.0,1,1
1822901,ES,2,1667214.0,833607.0,1,1
9001902,40275180,1,120000.0,120000.0,1,1
6190699,RN,1,264000.0,264000.0,1,1
1340599,RS,1,4950.0,4950.0,1,1
9529104,BA,1,188640.0,188640.0,1,1
4753900,MG,1,1100.0,1100.0,1,1
1749400,BA,1,324000.0,324000.0,1,1
