CNAE,UF,score,ranking,count_contratos,valor_medio,n_orgaos
9001902,SC,100.0,1,89,232190.4269662921,51
4520005,SC,100.0,2,15,1571190.2,14
7729202,SP,100.0,3,13,3265114.6923076925,7
4520005,VILA NOVA,100.0,4,21,7107.142857142857,1
4321500,GO,100.0,5,13,145533.07692307694,10
7319002,SP,100.0,6,35,179178.11428571428,25
4712100,BA,100.0,7,13,1224390.076923077,10
4541206,PR,100.0,8,14,230068.57142857145,1
7319002,PR,100.0,9,76,67887.65789473684,48
9001902,SP,100.0,10,369,501552.4878048781,86
5620104,MG,100.0,11,12,281410.0,10
4761003,CE,100.0,12,13,673082.1538461539,2
9001902,AL,100.0,13,13,167769.23076923078,5
4520001,SP,100.0,14,41,188325.1219512195,16
8230001,MG,100.0,15,74,196086.95945945947,55
4321500,RS,100.0,16,70,890040.4857142858,33
9529102,RS,100.0,17,29,171781.10344827586,6
9602501,RS,100.0,18,16,172010.875,11
7319099,76280000,100.0,19,14,147132.42857142858,1
8599604,SP,100.0,20,41,171487.46341463414,26
7319002,RJ,100.0,21,15,37555.13333333333,15
9329899,RS,100.0,22,12,35401.666666666664,10
5620104,BA,100.0,23,18,1839679.388888889,9
4322302,BA,100.0,24,15,2577896.2,11
8130300,RS,100.0,25,14,2283087.214285714,13
1822901,SP,100.0,26,18,24514.5,11
4721102,SP,100.0,27,25,94105.76,4
9001901,RS,100.0,28,29,151071.8620689655,15
7420001,PR,100.0,29,10,82365.0,10
4724500,GO,100.0,30,66,28699.166666666668,6
3600602,BA,100.0,31,12,8822554.833333334,4
4399199,SP,100.0,32,23,122184.56521739133,8
8592999,RS,100.0,33,47,264263.74468085106,31
4399103,GO,100.0,34,13,1176368.3076923075,8
4399103,RS,100.0,35,48,454548.5208333333,31
8230001,CE,100.0,36,12,958768.5833333334,9
3314707,SP,100.0,37,20,1055257.9,7
8712300,SP,100.0,38,15,182111.46666666667,7
4520006,GO,100.0,39,73,61081.06849315069,11
8230001,RN,100.0,40,13,195000.0,12
9001906,GO,100.0,41,17,522894.7647058824,9
4712100,CE,100.0,42,19,581703.4736842106,3
8230001,RJ,100.0,43,26,160274.38461538462,23
4520006,RS,100.0,44,42,428314.59523809527,10
8599699,RS,100.0,45,23,468306.347826087,18
8592903,SC,100.0,46,20,243127.35,17
5611203,MG,100.0,47,16,486251.6875,14
3299099,SP,100.0,48,14,141302.7142857143,12
4772500,BA,100.0,49,10,15086.0,5
4520002,GO,100.0,50,13,71647.15384615384,7
4322302,RS,100.0,51,30,100052.83333333331,15
4929901,BA,100.0,52,16,4612779.625,6
9001906,SP,100.0,53,44,87411.22727272728,27
8592999,SC,100.0,54,38,873901.6052631579,23
4330404,PR,100.0,55,18,1140191.5555555555,12
9001902,PE,100.0,56,46,123456.52173913045,22
4322302,SP,100.0,57,45,297451.1111111111,25
8592903,SP,100.0,58,75,366780.0133333333,39
8230001,PR,100.0,59,61,295800.3770491804,25
4724500,SP,100.0,60,28,124722.96428571428,4
9001906,RS,100.0,61,35,93680.0,24
7911200,SP,100.0,62,22,177059.36363636365,7
8599699,SP,100.0,63,105,452711.5619047619,60
5611201,MG,100.0,64,13,1041952563.846154,12
4520006,SP,100.0,65,49,64617.81632653061,4
7739003,MG,100.0,66,12,219004.0,9
4751201,CE,100.0,67,12,243251.0,9
3314719,SP,100.0,68,18,34876.11111111111,7
9511800,MG,100.0,69,30,602937.8,25
5813100,GO,100.0,70,11,48762.181818181816,1
4520002,RS,100.0,71,17,1849591.176470588,7
4322302,GO,100.0,72,22,184176.13636363635,14
7319099,MG,100.0,73,25,74666.2,13
4751202,SP,100.0,74,35,31929.28571428572,5
4520005,76440000,100.0,75,19,10137.263157894737,1
8592903,RS,100.0,76,37,191227.2972972973,27
9529102,MG,100.0,77,24,291521.1666666667,8
3101200,SP,100.0,78,13,79390.69230769231,8
8230001,GO,100.0,79,31,112394.6129032258,17
4530703,RS,100.0,80,21,472799.7142857143,13
8230001,RS,100.0,81,96,142082.48958333334,55
9001902,MS,100.0,82,41,85550.26829268293,6
4330404,SP,100.0,83,41,175351.17073170733,22
4755503,73760000,100.0,84,10,27266.0,6
4321500,MG,100.0,85,27,530038.925925926,19
4530703,GO,100.0,86,15,128358.13333333332,6
5620104,GO,100.0,87,13,218680.84615384616,7
9001906,PR,100.0,88,16,146381.25,11
4752100,DF,100.0,89,9,20379.555555555555,8
9329899,PR,100.0,90,12,309374.1666666667,5
4520005,BA,100.0,91,18,1260164.3333333333,13
4924800,BA,100.0,92,147,3991487.4353741496,20
7420001,GO,100.0,93,19,262672.63157894736,12
4721103,SC,100.0,94,64,13805.859375,33
8599699,PR,100.0,95,41,431266.31707317074,20
4924800,SP,100.0,96,10,818450.0,8
5811500,SP,100.0,97,9,127052.22222222222,8
4744099,GO,100.0,98,10,93431.9,6
4924800,SC,100.0,99,22,411463.5454545455,3
5620101,76280000,100.0,100,19,39578.84210526316,2
9329899,SP,100.0,101,24,136352.375,20
4399103,PR,100.0,102,21,5909979.714285715,14
1412602,SP,100.0,103,23,132523.73913043478,15
8592999,PR,100.0,104,76,416310.9605263158,24
9529102,BA,100.0,105,12,5915428.5,10
4789007,RJ,100.0,106,13,31601.23076923077,11
4751201,MG,100.0,107,30,133118.73333333334,25
4930201,MG,100.0,108,47,4049471.70212766,17
1412602,RS,100.0,109,17,90131.29411764706,8
9001902,PB,100.0,110,12,233627.25,8
9602502,RS,100.0,111,13,48419.230769230766,8
4520001,BA,100.0,112,15,263188437.0,12
7420001,MG,100.0,113,11,233717.2727272728,10
7319002,MG,100.0,114,14,39385.71428571428,8
7729202,RS,100.0,115,18,59730.55555555556,6
9001901,RJ,100.0,116,13,484883.4615384616,7
8130300,SP,100.0,117,18,337920.8333333333,12
4321500,RO,100.0,118,16,40703.125,1
4520003,RS,100.0,119,20,49333.0,4
8592999,MG,100.0,120,36,240321.22222222225,27
4761003,RS,100.0,121,12,7966.083333333333,5
9609299,RS,100.0,122,11,666137.8181818182,10
8592999,RJ,100.0,123,28,83007.14285714286,14
3299003,SP,100.0,124,22,30544.545454545456,4
4751201,SP,100.0,125,74,67378.01351351352,26
4759899,BA,100.0,126,12,10408.083333333334,7
4751201,GO,100.0,127,52,240377.3269230769,22
4781400,MG,100.0,128,39,275286.8717948718,30
4930201,GO,100.0,129,21,338410.61904761905,11
4763601,SP,100.0,130,28,62449.92857142857,10
4781400,SP,100.0,131,58,95370.6724137931,41
4789007,MG,100.0,132,12,148074.33333333334,10
3319800,SP,100.0,133,14,186655.07142857145,10
9001901,SP,100.0,134,99,104088.68686868688,32
9001906,ES,100.0,135,11,154331.81818181818,6
4520006,BA,100.0,136,10,1359577.8,7
7729202,GO,100.0,137,15,85712.0,11
7420001,RS,100.0,138,26,429409.3076923077,20
4924800,PB,100.0,139,22,1328426.181818182,7
7319002,GO,100.0,140,10,139517.7,8
4330405,SE,100.0,141,11,136406.45454545456,3
8230001,SC,100.0,142,18,405606.6666666667,16
4399103,MG,100.0,143,22,3636841.1818181816,15
4520003,GO,100.0,144,13,72151.53846153847,6
4330404,RS,100.0,145,33,6041260.454545454,24
8230001,SP,100.0,146,204,114479.47549019608,80
9001902,MG,100.0,147,239,206142.94142259413,119
4520001,MG,100.0,148,24,772807.0833333334,17
4789002,RS,100.0,149,10,32400.0,7
9511800,76200019,100.0,150,15,16973.333333333332,6
4712100,SP,100.0,151,16,65632.25,4
9001902,BA,100.0,152,66,272994.8181818182,41
9001902,ES,100.0,153,134,130511.17164179104,32
4789007,SP,100.0,154,15,49485.93333333333,11
4330404,GO,100.0,155,14,135233.64285714287,11
4789002,GO,100.0,156,20,114400.55,7
3101200,RS,100.0,157,21,108170.0,15
8599604,MG,100.0,158,13,167629.07692307694,11
8592903,PR,100.0,159,24,500621.0,12
3101200,GO,100.0,160,12,261108.0,7
4713002,SP,100.0,161,12,9515.583333333334,4
4924800,GO,100.0,162,19,19996797.57894737,10
4520005,MG,100.0,163,10,457968.9,10
8599604,PR,100.0,164,15,268935.0,15
9001902,RN,100.0,165,34,95911.76470588236,21
5611203,GO,100.0,166,18,24367.777777777777,8
8219999,GO,100.0,167,35,235114.14285714287,27
9001901,PR,100.0,168,142,80620.58450704225,7
4923001,BA,100.0,169,31,4301728.387096774,3
4322302,MG,100.0,170,10,179802.8,10
2542000,GO,100.0,171,19,33449.84210526316,9
2542000,RS,100.0,172,10,170062.9,8
9001902,PR,100.0,173,110,270499.9181818181,41
7319099,RS,100.0,174,10,73900.0,7
5812301,GO,100.0,175,13,100834.6153846154,7
9511800,GO,100.0,176,20,235214.35,17
8230002,RS,100.0,177,12,28875.0,5
9529105,SP,100.0,178,31,25005.129032258064,4
5912099,RS,100.0,179,12,57450.833333333336,7
8592902,SP,100.0,180,20,81516.25,10
9001902,RJ,100.0,181,82,138856.42682926828,30
5611201,GO,100.0,182,58,142742.1896551724,10
8230001,PE,100.0,183,19,141551.2105263158,10
4520006,MG,100.0,184,12,457237.0833333333,11
8592902,RS,100.0,185,13,361285.07692307694,12
4530703,SP,100.0,186,13,134807.76923076922,4
7739003,GO,100.0,187,14,35907.142857142855,5
4520007,SP,100.0,188,21,30576.809523809523,7
4520005,PR,100.0,189,91,876890.7472527473,14
7319099,GO,100.0,190,33,286029.9393939394,23
8592903,MG,100.0,191,27,1121849.6666666667,23
9001902,SE,100.0,192,35,106083.42857142857,9
4753900,SP,100.0,193,48,77329.64583333333,13
1412601,SP,100.0,194,13,170525.61538461538,12
5611203,PR,100.0,195,14,164603.42857142858,10
4520005,RS,100.0,196,31,149116.09677419355,12
4520005,GO,100.0,197,69,94532.92753623187,15
4321500,SP,100.0,198,58,138232.58620689655,38
9529102,SP,100.0,199,54,77726.62962962964,16
4924800,MG,100.0,200,55,1250467.0363636364,28
5612100,GO,100.0,201,24,46373.91666666666,5
5912099,SP,100.0,202,16,126294.0625,12
4321500,PR,100.0,203,69,503762.2608695653,7
5611203,SP,100.0,204,25,1826663.6,9
2542000,SP,100.0,205,29,100417.41379310343,15
9511800,SP,100.0,206,24,210464.25,15
4744001,SP,100.0,207,13,46631.0,6
8592999,ES,100.0,208,12,85052.66666666667,9
4781400,BA,100.0,209,11,1508187.181818182,9
4520001,GO,100.0,210,42,35214.40476190476,16
4520001,RS,100.0,211,69,170802.26086956522,13
9001902,RS,100.0,212,153,93507.9477124183,79
4330404,MG,100.0,213,14,674456.4285714285,11
9602501,SP,100.0,214,14,121807.14285714286,8
9001902,GO,100.0,215,28,154376.07142857142,16
8599699,MG,100.0,216,19,331177.0,15
7721700,SP,100.0,217,15,122280.6,8
5611201,SP,100.0,218,12,301103.25,8
1412601,PR,100.0,219,11,184202.7272727273,9
2539001,GO,100.0,220,20,14710.0,5
4399103,SP,100.0,221,72,190225.0555555556,26
4751201,PR,100.0,222,16,363811.75,7
8592999,SP,100.0,223,281,606514.7758007117,62
5611203,BA,100.0,224,14,1201583.9285714286,9
5611201,BA,100.0,225,22,1605261.9545454546,11
4742300,RS,100.0,226,29,31831.241379310344,5
3314707,GO,100.0,227,23,19039.130434782608,5
4751201,BA,100.0,228,15,548888.0666666667,9
9001906,PE,100.0,229,16,51437.5,6
8599604,RS,100.0,230,20,109180.3,16
8599604,GO,100.0,231,11,376416.3636363637,9
8599699,SC,100.0,232,21,2918921.095238095,13
4723700,SP,100.0,233,10,88466.6,9
9529105,RS,100.0,234,11,60870.0,8
9001906,MG,100.0,235,28,266687.8571428572,25
7319099,SP,100.0,236,101,19799.930693069306,13
8219999,SP,100.0,237,48,163092.39583333334,35
7319099,BA,100.0,238,19,154236.2105263158,9
9001901,MG,100.0,239,12,114935.0,9
8219999,BA,100.0,240,11,104408.18181818182,4
7721700,PR,100.0,241,28,225298.25,5
4322302,76730000,100.0,242,15,15266.666666666666,2
8129000,GO,100.0,243,12,180166.66666666663,6
4330499,SP,100.0,244,12,262871.4166666667,8
7319099,ES,100.0,245,15,51320.0,4
7739003,SP,100.0,246,11,161549.0909090909,4
8230001,BA,100.0,247,40,524451.975,31
4930201,SP,100.0,248,19,200454.57894736843,14
4759801,BA,100.0,249,11,144156.45454545456,5
8230001,ES,100.0,250,25,142964.0,19
5611203,76280005,100.0,251,26,3246.538461538461,1
8592902,PR,100.0,252,15,280836.6666666667,7
4520005,SP,100.0,253,32,60440.46875,17
9529102,GO,100.0,254,20,42691.65,9
7420001,SP,100.0,255,12,784852.4166666666,10
8230001,PB,100.0,256,16,250504.75,12
9521500,SP,100.0,257,32,35227.4375,17
1813099,RS,100.0,258,13,38276.769230769234,11
4322302,PE,99.9,259,9,2133085.333333333,5
1813099,GO,99.9,260,9,10255.555555555557,4
9001902,CE,99.9,261,9,175753.77777777778,7
4761003,DF,99.9,262,8,176778.75,8
4520005,73970000,99.9,263,11,4018.181818181818,1
9609299,SP,99.9,264,9,7131982.444444444,7
3101200,PR,99.9,265,9,269956.44444444444,8
5819100,SP,99.9,266,9,147762.88888888888,7
4322302,PB,99.9,267,9,2770122.888888889,5
8592999,PE,99.9,268,10,79030.0,6
4321500,SC,99.9,269,9,1009518.2222222222,9
5620101,SP,99.9,270,10,149812.5,3
1813099,SP,99.9,271,10,185225.0,3
4520003,SP,99.9,272,10,13932.1,4
7721700,GO,99.9,273,9,36166.66666666666,8
2542000,MG,99.9,274,10,126800.0,8
4520001,PR,99.9,275,10,3942994.5,6
7319002,RS,99.9,276,9,188676.66666666663,8
5620101,CE,99.9,277,10,41315.0,1
4755502,BA,99.9,278,8,663505.25,8
8230001,MS,99.9,279,11,131479.54545454544,2
4520005,ES,99.9,280,9,859572.8888888889,8
8599604,SC,99.9,281,9,166596.44444444444,9
4924800,PR,99.9,282,10,2561949.4,5
5620104,SP,99.9,283,10,103528.0,6
4761001,RS,99.9,284,10,25687.9,6
5212500,GO,99.8,285,9,210830.77777777772,2
8219999,CE,99.8,286,9,904547.1111111112,5
7319002,BA,99.8,287,8,107991.875,8
5612100,RO,99.8,288,8,229389.25,7
4789001,RS,99.8,289,9,61666.66666666666,7
4399199,MG,99.8,290,9,215975.44444444444,3
4712100,MG,99.8,291,9,203474.44444444444,6
4530703,75340000,99.8,292,9,131694.11111111112,3
9001902,TO,99.8,293,10,181900.0,4
4930202,MG,99.8,294,9,18437392.444444444,3
2539001,RS,99.8,295,9,143441.44444444444,5
8130300,BA,99.8,296,9,106164.44444444444,4
5611203,RS,99.8,297,9,50581.11111111111,5
8230001,SE,99.7,298,9,279327.8888888889,3
4743100,MG,99.7,299,8,146254.5,7
9329899,MG,99.7,300,8,132848.0,7
3299099,PR,99.7,301,9,23350.0,1
4789099,SP,99.7,302,8,324104.125,8
7420004,RS,99.7,303,8,95625.0,8
4930202,SP,99.7,304,8,1332947.5,8
2542000,BA,99.6,305,8,2550720.25,7
9512600,SP,99.6,306,8,195887.5,6
4752100,RS,99.6,307,8,268131.75,5
1412601,78600000,99.6,308,8,41611.875,4
4781400,RS,99.6,309,8,115173.5,8
4729699,76285000,99.6,310,9,3422.222222222222,1
4743100,SP,99.6,311,8,61392.0,7
4751201,RJ,99.6,312,8,7059863.5,6
4520006,PR,99.6,313,8,2053409.25,7
4520002,SP,99.6,314,8,56305.0,6
8219999,MG,99.6,315,8,433641.0,8
4752100,GO,99.6,316,8,67405.0,5
4755502,SP,99.6,317,8,58100.625,6
5611201,PR,99.5,318,8,204044.25,6
4321500,AL,99.5,319,8,510251.125,5
4744001,RS,99.5,320,8,8432.5,4
4744099,DF,99.5,321,8,116717.5,4
4712100,RS,99.5,322,8,107272.375,4
3314710,SP,99.5,323,8,82584.375,3
1629301,SC,99.5,324,8,175836.125,6
4761003,SP,99.5,325,8,23491.5,5
4520006,PB,99.5,326,8,773180.625,6
2542000,PR,99.5,327,8,50418.75,3
9609299,MG,99.4,328,8,68125.0,6
1091102,SP,99.4,329,8,50286.25,3
3101200,MG,99.4,330,8,262162.5,5
4761003,GO,99.4,331,8,393034.875,2
8130300,MG,99.4,332,8,193238.75,5
9602501,AL,99.3,333,8,35808.75,2
1340599,SP,99.3,334,8,28541.25,3
4753900,SC,99.3,335,7,36026.857142857145,7
4789001,SP,99.2,336,7,17739.714285714286,6
1099604,SP,99.2,337,8,2391.875,1
9001902,DF,99.2,338,8,218614.75,5
1813001,ES,99.2,339,7,62528.57142857143,7
9001901,80420120,99.1,340,8,36450.0,1
5320202,SP,98.9,341,7,429964.5714285714,6
4712100,ES,98.9,342,7,82997.57142857143,6
9511800,CE,98.9,343,7,172457.14285714287,5
5912001,PR,98.8,344,8,75262.5,2
1359600,SC,98.8,345,8,384524.0,3
4753900,BA,98.8,346,7,642023.7142857143,7
4399103,SC,98.7,347,7,5854311.714285715,7
5590699,GO,98.7,348,7,91521.42857142857,5
8592902,SC,98.6,349,7,685828.5714285715,5
5812301,SP,98.6,350,7,200423.14285714287,6
7420004,BA,98.5,351,7,423341.7142857143,7
9602501,SC,98.5,352,7,1082598.2857142857,7
7420001,SC,98.5,353,7,104352.85714285714,6
7420001,RN,98.5,354,7,155088.57142857142,6
1821100,SP,98.4,355,7,77978.57142857143,5
9511800,BA,98.4,356,7,381068.5714285714,7
5813100,SP,98.3,357,7,579607.1428571428,2
1813001,RS,98.3,358,7,103439.0,6
1813001,GO,98.2,359,7,60854.28571428572,3
4729699,DF,98.2,360,7,8985.0,3
4752100,SP,98.1,361,7,31435.714285714286,4
4789005,SP,98.1,362,7,68325.71428571429,3
5620104,PR,98.1,363,7,883664.8571428572,6
4789003,SP,98.1,364,7,29257.14285714286,4
8599699,RJ,98.0,365,7,139822.0,5
4321500,CE,98.0,366,7,566525.8571428572,4
3600602,PB,98.0,367,7,7563451.857142857,4
3314720,PR,97.8,368,7,537057.1428571428,1
4930202,BA,97.7,369,7,129746.85714285714,2
7721700,SC,97.6,370,7,44285.71428571428,3
4724500,PR,97.6,371,7,308441.71428571426,3
1412602,MG,97.6,372,7,58423.0,5
4930202,74484611,97.3,373,7,98641.42857142857,1
4781400,PB,97.3,374,7,60311.57142857143,1
4722901,RS,97.2,375,7,7377.142857142857,1
4753900,GO,97.2,376,6,482483.3333333333,6
5320202,RS,97.1,377,7,5000.0,1
8219999,JARDIM SANTA CLARA,97.1,378,6,42890.833333333336,6
4321500,DF,96.9,379,7,47250.0,3
8219999,SC,96.5,380,6,53475.0,6
4744001,SC,96.4,381,6,33182.5,5
4322302,MS,96.1,382,6,23748579.0,5
9511800,DF,95.9,383,6,313938.5,5
8599605,SP,95.9,384,6,192491.66666666663,6
4929901,PB,95.5,385,7,509034.28571428574,3
5912099,22031100,95.4,386,6,87600.0,4
7721700,RS,95.4,387,6,188450.0,6
3321000,GO,95.1,388,6,240183.3333333333,4
1413403,RS,95.0,389,6,181482.0,3
4929901,MG,94.8,390,6,33437961.666666668,6
4789007,MT,94.8,391,6,607049.1666666666,3
3314707,TO,94.4,392,6,189021.66666666663,3
5620104,PB,94.4,393,6,173730.83333333334,3
4723700,MG,94.3,394,6,9964788.5,6
8230002,SP,94.3,395,6,56775.0,5
4930204,RS,94.1,396,6,141083.33333333334,6
7729202,MG,94.0,397,6,329618.3333333333,4
4781400,GO,93.8,398,6,113856.66666666669,6
5812302,GO,93.8,399,6,352832.6666666667,3
8592999,BA,93.7,400,6,236150.0,6
4723700,BA,93.7,401,6,103271.66666666669,6
4930201,RS,93.4,402,6,1354280.1666666667,5
4520002,PR,93.3,403,6,865100.0,6
9329899,SC,93.2,404,6,1474225.3333333333,6
4744099,BA,93.2,405,6,2320814.833333333,4
4781400,PR,93.1,406,6,586760.1666666666,6
1412602,BA,93.1,407,6,1294716.1666666667,5
1352900,GO,93.0,408,6,51500.5,3
4330403,SP,93.0,409,6,62030.0,5
4759801,SP,93.0,410,6,70021.66666666667,5
7990200,SP,92.9,411,6,148066.66666666666,3
6190699,SP,92.8,412,6,151600.0,2
2539001,BA,92.8,413,6,1718000.0,3
4322303,SP,92.7,414,6,85251.66666666667,3
8219999,PR,92.7,415,6,36052.5,3
5812301,MG,92.7,416,6,525863.6666666666,4
8599603,MG,92.6,417,6,254602.0,5
9002702,MG,92.6,418,6,252343.3333333333,5
9511800,PR,92.6,419,6,539053.6666666666,4
7319099,PR,92.6,420,6,244693.8333333333,6
5620104,RS,92.5,421,6,188340.0,5
4789008,SP,92.5,422,6,59433.333333333336,3
1096100,MG,92.4,423,6,170720.16666666666,5
4520001,RJ,92.3,424,6,65540.0,2
5812301,RS,92.3,425,6,111000.0,5
5811500,RS,92.3,426,6,105416.66666666669,5
5812301,BA,92.2,427,6,197356.66666666663,5
8219999,RS,92.2,428,6,70721.66666666667,6
4520005,PB,92.0,429,6,433736.0,5
1412603,RS,91.9,430,6,43358.333333333336,5
4751201,RS,91.9,431,6,92866.66666666669,4
4930202,RS,91.8,432,6,61866.66666666666,4
4763602,CE,91.4,433,6,443734.0,1
4520007,PR,91.3,434,6,49750.0,3
4520002,MG,91.2,435,6,565575.3333333334,5
9001902,81570160,91.2,436,6,100803.83333333331,2
9521500,MG,91.1,437,6,57700.0,2
9521500,RS,91.0,438,6,444025.0,4
8219901,MG,91.0,439,6,29353.33333333333,3
4520006,73820000,91.0,440,6,414928.1666666667,1
9511800,PB,90.9,441,6,1251455.8333333333,5
8599699,PE,90.8,442,6,104300.0,3
4755503,RS,90.7,443,6,13515.0,3
3811400,85440000,90.7,444,6,167810.0,1
1412602,SC,90.7,445,6,525049.3333333334,5
1091101,RS,90.6,446,6,213741.66666666663,4
3314711,GO,90.4,447,6,15576.666666666666,2
4399199,BA,89.9,448,6,18591.666666666668,1
4930202,PR,89.8,449,6,213833.3333333333,2
8592902,81070000,89.8,450,6,40850.0,1
4930201,BA,86.7,451,6,2762346.333333333,3
4530703,BA,86.5,452,6,2219010.6666666665,3
4741500,MG,84.5,453,5,14662.0,5
4754701,BA,83.3,454,5,325846.8,4
4755502,PB,81.7,455,5,139584.0,4
5620102,RJ,81.5,456,5,125260.0,5
8219999,RJ,80.8,457,5,82633.4,5
8230002,GO,78.6,458,5,159590.0,4
5819100,MG,78.5,459,5,8499048.4,4
4755501,MG,78.0,460,5,67961.8,3
7420004,RN,77.8,461,5,350036.0,5
4923001,RN,77.6,462,6,1395626.6666666667,1
3299099,PE,77.4,463,5,240050.0,5
5611205,RJ,77.0,464,5,4351971.8,2
4930201,PR,74.5,465,5,517280.0,5
4742300,SC,74.3,466,5,891535.4,5
1093701,MG,74.0,467,5,222432.0,4
4781400,PA,73.9,468,5,13790.6,3
4723700,SC,73.3,469,5,415466.4,5
8592903,BA,73.2,470,5,296998.4,4
3314707,RS,73.0,471,5,89140.0,4
4789005,RJ,72.6,472,5,9199391.6,2
5912099,ES,72.4,473,5,286720.0,5
1412601,RS,72.4,474,5,4336452.0,5
8592903,ES,72.2,475,5,250800.0,4
4772500,GO,72.0,476,5,57124.0,4
4322302,RO,71.6,477,5,286638.4,5
1359600,SP,71.4,478,5,313617.6,5
5620102,SP,71.3,479,5,286403.6,5
3101200,BA,71.2,480,5,3551068.0,4
4322303,RS,71.1,481,5,15466.0,3
9529102,SC,70.9,482,5,68698.0,4
7319002,PB,70.8,483,5,76490.0,3
9529102,76350000,70.7,484,5,69239.2,2
4721102,BA,70.7,485,5,1862001.2,3
9602502,SP,70.6,486,5,184530.0,5
7739099,SP,70.4,487,5,123505.0,4
8230002,MG,70.2,488,5,1221428.4,5
3299099,GO,70.2,489,5,1011985.4,4
9511800,RS,70.1,490,5,840049.2,4
1629301,SP,70.0,491,5,93880.0,4
4754703,SP,69.7,492,5,34600.0,1
4399103,RN,69.6,493,5,115018364.8,2
9602501,PR,69.4,494,5,38140480.4,4
4744099,PB,68.7,495,5,1522330.2,5
4744099,SP,68.4,496,5,33288.0,4
7420004,PR,68.2,497,5,274700.0,4
8219901,SP,68.1,498,5,16000.0,2
7420004,GO,68.1,499,5,248000.0,4
4530703,MG,68.0,500,5,223245.4,4
7420004,MG,67.9,501,5,253500.0,5
4759899,SP,67.7,502,5,15666.0,3
5812302,MG,67.7,503,5,216360.0,5
3299003,BA,67.6,504,5,128251.8,1
8219901,GO,67.5,505,5,161432.4,4
4721102,GO,67.2,506,5,82946.0,2
9609299,RJ,67.0,507,5,166957.0,1
4330402,MG,66.9,508,5,77024.0,3
7420004,CE,66.7,509,5,201576.0,2
8130300,SC,66.4,510,5,233051.0,5
4322302,PA,66.3,511,5,470030.0,5
4322302,RN,66.2,512,5,405548.0,5
3321000,RS,66.1,513,5,35080.0,3
7319002,PE,66.1,514,5,212000.0,3
7911200,CE,66.0,515,5,97500.0,1
4753900,RS,66.0,516,5,36130.0,3
4520001,MT,65.6,517,5,114720.0,1
4322302,AL,65.6,518,5,145400.0,2
4781400,SC,65.5,519,5,112857.4,4
8219999,RN,65.5,520,5,242820.0,5
9609299,BA,65.4,521,5,42000.0,2
4723700,SETOR AEROPORTO,65.4,522,5,77880.0,1
8219901,RS,65.3,523,5,16082.0,2
9001901,SC,64.8,524,5,80028.8,3
8130300,PR,64.5,525,5,1598831.2,4
3299002,RS,63.9,526,5,5305.0,1
1813001,75833424,63.6,527,5,25000.0,1
3314711,73930000,63.1,528,5,17892.0,1
5912099,MG,63.1,529,5,599754.8,4
1359600,RS,62.6,530,5,313460.0,4
2539001,SP,62.5,531,5,35460.0,3
7319099,MT,62.4,532,5,16000.0,1
4751201,CENTRO,61.2,533,5,7800.0,1
8599699,GO,60.2,534,5,146400.0,4
4520005,CE,59.9,535,5,288430.0,2
5611203,SC,59.7,536,5,193419.6,4
9511800,RN,59.3,537,5,239104.0,4
8592903,PE,59.0,538,5,133080.0,2
8592999,MS,57.1,539,5,83832.2,2
5612100,SC,54.6,540,5,398174.4,3
4789004,MG,47.9,541,4,4019398.25,4
4743100,PR,45.9,542,4,243151050.0,4
4724500,75410000,41.3,543,4,410549.0,4
3299003,ES,41.0,544,4,209384.75,4
9529102,76195000,40.6,545,4,301425.0,4
4789004,MS,39.1,546,4,80997.5,4
4754703,RJ,35.6,547,4,361676.0,3
4712100,GO,34.7,548,4,297125.0,4
7739003,RS,34.6,549,4,189500.0,4
4530703,MT,33.7,550,4,558614.5,4
4789007,BA,33.6,551,4,213381.5,4
5912099,AL,31.8,552,4,159116.5,4
9512600,RJ,30.3,553,4,41800.0,4
4763602,RO,28.7,554,4,243709.0,2
4759899,RO,27.8,555,4,128125.0,2
4399199,GO,27.5,556,4,358976.0,4
4756300,RS,27.3,557,4,57250.0,3
4757100,SP,27.1,558,4,1356668.25,3
4543900,PR,27.0,559,4,921962.5,1
9001901,GO,27.0,560,4,115150.0,3
4761001,SP,26.9,561,4,331998.5,2
9609299,APT 602,26.8,562,4,68750.0,2
4322302,PR,26.8,563,4,280718.5,4
4754701,PR,26.5,564,4,167660.0,4
4923002,BA,26.2,565,4,2717674.0,2
1813001,MG,25.9,566,4,99961.25,4
8219999,PB,25.6,567,4,330000.0,4
5812302,RS,25.3,568,4,46700.0,4
9001906,RN,25.2,569,4,276250.0,4
1412602,GO,25.2,570,4,69026.25,4
8129000,SP,25.1,571,4,1164047.0,4
9609299,RN,25.1,572,4,198000.0,4
8230002,RJ,24.8,573,4,129870.0,4
161003,MG,24.5,574,4,1685833.0,3
4330402,SP,24.5,575,4,54062.0,2
4329101,SP,24.5,576,4,182465.0,3
4756300,SP,24.3,577,4,158750.0,3
8230001,MT,23.9,578,4,264412.5,4
4789099,BA,23.7,579,4,1517951.75,3
7420004,SP,23.6,580,4,349923.0,4
1359600,PB,23.3,581,4,2078429.75,3
4754702,ES,23.2,582,4,130000.0,1
1340501,SP,23.1,583,4,4787.5,1
4754701,RS,23.0,584,4,100770.0,2
4399105,GO,22.9,585,4,37250.0,1
9529105,75620000,22.8,586,4,142500.0,1
1091102,RS,22.8,587,4,330318.75,3
4520002,BA,22.7,588,4,2584956.25,4
5819100,GO,22.5,589,4,100750.0,2
1093701,GO,22.5,590,4,330116.25,3
1813001,SP,22.5,591,4,38527.5,3
3299099,SC,22.3,592,4,2382412.5,4
5223100,PR,22.2,593,4,269460.0,3
3702900,GO,22.2,594,4,259375.0,3
9329899,RJ,22.2,595,4,66250.0,1
4721102,MG,22.2,596,4,274712.5,3
8599699,89260785,22.1,597,4,112915.25,1
1091102,ES,22.1,598,4,193822.5,2
4322301,RS,22.0,599,4,159400.0,3
5819100,BA,22.0,600,4,1318692.0,4
4321500,TO,21.9,601,4,104350.0,1
9001906,76730000,21.9,602,4,86250.0,1
3299003,GO,21.7,603,4,180325.0,3
8599604,JARDIM SANTA BARBARA,21.6,604,4,61125.0,1
4923002,RS,21.6,605,4,114164.0,3
5812302,SP,21.4,606,4,53419.75,4
7911200,RS,21.4,607,4,100091.75,3
9602501,ES,21.0,608,4,277000.0,3
4789099,RS,21.0,609,4,71347.5,3
4743100,RS,20.8,610,4,213599.0,4
9609299,CE,20.8,611,4,298700.0,3
4520002,73760000,20.7,612,4,23375.0,1
9529105,MG,20.6,613,4,234340.0,4
159802,PR,20.5,614,4,4850.0,1
9602502,PR,20.4,615,4,200523.75,4
1412601,MG,20.4,616,4,195362.5,4
9001906,PB,20.3,617,4,229125.0,3
8592903,GO,20.3,618,4,250500.0,4
4530704,GO,20.3,619,4,675027.5,1
1412602,PE,20.3,620,4,50875.0,2
7721700,MG,20.3,621,4,188795.0,4
3299002,SP,20.3,622,4,1537.5,2
4781400,RN,20.3,623,4,223000.0,3
4789099,GO,20.2,624,4,175543.5,4
9529102,PR,20.2,625,4,215768.75,4
4751201,ES,20.2,626,4,659750.0,4
3299099,RS,20.2,627,4,123043.25,4
4520005,75795000,20.2,628,4,24950.0,1
1091102,MG,20.2,629,4,155221.25,4
9511800,RJ,20.0,630,4,495168.75,4
8599604,RJ,19.7,631,4,365000.0,4
9521500,PR,19.7,632,4,112525.0,4
1813001,PR,19.5,633,4,91607.5,4
8230001,MA,19.5,634,4,297625.0,3
7990200,PR,19.4,635,4,83750.0,4
3319800,RS,19.3,636,4,14575.0,3
7420001,PE,19.2,637,4,269905.0,4
8712300,GO,18.9,638,4,199062.5,1
1412602,PR,18.8,639,4,51320.25,4
4744099,MG,18.8,640,4,47616.0,4
4399103,BA,18.7,641,4,4463345.0,3
9329899,ES,18.7,642,4,124600.0,4
8230001,TO,18.5,643,4,400850.0,4
4789002,SC,18.0,644,4,13280.0,3
9001902,73950000,18.0,645,4,24750.0,1
4729699,MG,17.9,646,4,19332.5,4
5620101,BA,17.6,647,4,1141206.25,3
3811400,BA,17.4,648,4,924110.0,3
4322302,MA,16.8,649,4,1726400.5,3
4763601,RS,16.2,650,4,120100.0,3
9601701,BA,16.2,651,4,74121.25,2
4712100,PB,15.9,652,4,414857.75,3
4929902,BA,15.3,653,4,5033706.5,2
4924800,PE,15.2,654,4,14790152.25,2
9001902,PI,14.0,655,4,52500.0,1
5612100,SP,13.1,656,4,24495.0,2
4924800,RS,10.8,657,4,10124.25,2
4930201,MS,10.4,658,4,1071750.0,1
3702900,PR,5.4,659,3,473270.0,3
9529102,PE,4.9,660,3,547078.3333333334,3
7420002,RS,4.9,661,3,80000.0,3
5620104,ES,4.8,662,3,241976.66666666663,3
8219999,74455552,4.8,663,3,466666.6666666667,3
8230002,ES,4.7,664,3,148476.66666666666,3
4329101,GO,4.7,665,3,60500.0,3
4520006,SE,4.6,666,3,220400.0,3
4789004,RN,4.5,667,3,93333.33333333331,3
1091101,RJ,4.5,668,3,96530.0,3
3314707,76152000,4.5,669,3,136183.33333333334,3
4743100,75175000,4.5,670,3,119166.66666666669,3
9511800,SE,4.4,671,3,119600.0,3
4789099,PR,4.4,672,3,19742.666666666668,3
5819100,74393120,4.4,673,3,108128.0,3
1412603,NOVA VILA JAIARA,4.4,674,3,90158.0,3
9001901,PB,4.3,675,3,73766.66666666667,3
4789003,PR,4.2,676,3,458476.3333333333,2
161003,BA,4.2,677,3,832833.3333333334,2
1813099,76105000,4.2,678,3,46633.333333333336,3
4729699,MS,4.1,679,3,1536837.6666666667,2
8129000,74942150,3.9,680,3,805520.3333333334,2
4772500,SP,3.8,681,3,219735.3333333333,3
4757100,GO,3.7,682,3,4235011.333333333,1
1629301,RN,3.7,683,3,315256.6666666667,2
4321500,VILA BARROS,3.6,684,3,360000.0,2
7911200,GO,3.6,685,3,44633.333333333336,2
1412601,76270000,3.6,686,3,233296.66666666663,2
4322301,SP,3.6,687,3,263187.6666666667,1
4789002,76105000,3.6,688,3,192166.66666666663,2
5620101,76230000,3.6,689,3,225000.0,2
9001906,75620000,3.6,690,3,271666.6666666667,2
4322302,75490000,3.5,691,3,155500.0,2
4785799,SP,3.5,692,3,165074.0,1
9001901,CRISTO REI,3.5,693,3,212400.0,2
8219999,PE,3.5,694,3,171666.66666666666,2
3101200,ES,3.5,695,3,109000.0,2
1091101,76730000,3.5,696,3,122166.66666666669,2
5611204,MG,3.4,697,3,919248.3333333334,1
4520006,SC,3.3,698,3,936028.3333333334,3
4789001,GO,3.3,699,3,14958.333333333334,2
1813099,PR,3.2,700,3,157473.33333333334,3
7911200,PR,3.2,701,3,165125.33333333334,3
4530703,RJ,3.2,702,3,668266.6666666666,3
4753900,MA,3.1,703,3,611639.6666666666,3
4399199,PR,3.1,704,3,6941591.0,2
4723700,PB,3.0,705,3,245864.66666666663,3
7721700,ES,3.0,706,3,187116.66666666663,3
1096100,RS,3.0,707,3,2706599.6666666665,2
5212500,SC,3.0,708,3,449611.3333333333,1
9601701,SP,2.9,709,3,267373.3333333333,2
2539001,PR,2.9,710,3,40409227.66666666,3
2532201,RO,2.9,711,3,391546.3333333333,1
4520006,CE,2.9,712,3,419333.3333333333,1
4520008,SP,2.9,713,3,9866.666666666666,1
4755503,PR,2.8,714,3,68666.66666666667,1
8230002,CE,2.8,715,3,213038.66666666663,1
9511800,TO,2.8,716,3,120319.66666666669,3
4543900,BA,2.8,717,3,100000.0,1
1359600,JARDIM VITORIA,2.8,718,3,207333.3333333333,1
9602501,PI,2.8,719,3,216666.66666666663,1
5620103,RS,2.8,720,3,45834.0,1
8219901,CE,2.8,721,3,253000.0,1
1813001,PA,2.8,722,3,200546.66666666663,1
5912099,PR,2.7,723,3,30600.0,1
4755503,SP,2.7,724,3,83633.33333333333,2
3299099,ES,2.7,725,3,123833.33333333331,1
4399103,CASA,2.7,726,3,161760.0,1
4759801,RS,2.7,727,3,26750.0,1
4743100,GO,2.7,728,3,11300.0,3
9700500,SP,2.7,729,3,74666.66666666667,2
9601703,SP,2.7,730,3,78509.33333333333,2
4399105,75635000,2.6,731,3,62333.333333333336,1
2539001,AL,2.6,732,3,60000.0,1
3313999,RS,2.6,733,3,5454585.0,3
4399103,PE,2.6,734,3,71000.0,1
4744099,PR,2.6,735,3,321151.3333333333,2
3220500,SP,2.5,736,3,21000.0,2
8592902,MS,2.5,737,3,35000.0,1
4757100,MG,2.5,738,3,7933.333333333333,1
4712100,PR,2.5,739,3,204889.0,2
3101200,PA,2.5,740,3,62726.66666666666,1
5912099,BA,2.5,741,3,385666.6666666667,2
5229002,SP,2.5,742,3,21000.0,2
3299099,MG,2.5,743,3,206670.0,2
8130300,GO,2.5,744,3,187366.66666666663,2
4721102,PR,2.5,745,3,216963.3333333333,2
4330499,RS,2.4,746,3,64666.66666666666,2
2512800,PR,2.4,747,3,2259450.0,3
8599604,CE,2.4,748,3,653430.6666666666,2
4789002,76056149,2.4,749,3,20800.0,1
3299002,GO,2.4,750,3,5000.0,1
9529105,PR,2.4,751,3,110000.0,2
3314707,PR,2.4,752,3,140833.33333333334,2
1095300,RS,2.4,753,3,3100.0,1
4330402,SC,2.4,754,3,192044.0,2
8129000,RS,2.4,755,3,1678332.0,3
7319002,82620300,2.4,756,3,29700.0,1
1091102,PR,2.4,757,3,91211.33333333331,2
8593700,SP,2.4,758,3,190946.66666666663,3
8712300,PR,2.3,759,3,1026936.3333333334,3
4321500,75480000,2.3,760,3,20606.666666666668,1
4744002,SP,2.3,761,3,6116.666666666667,2
6190699,CE,2.3,762,3,264000.0,2
9529102,73850000,2.3,763,3,12166.666666666666,1
4721102,75820000,2.3,764,3,13688.333333333334,1
4761003,PR,2.3,765,3,1670162.0,3
4755502,RS,2.3,766,3,1027947.0,3
4399105,MG,2.3,767,3,73333.33333333333,2
9001906,BA,2.3,768,3,173333.33333333334,2
4789001,PR,2.3,769,3,1550312.0,3
4520005,MT,2.2,770,3,172800.0,2
4744099,RN,2.2,771,3,86583.33333333333,2
9529199,SP,2.2,772,3,59833.333333333336,3
4761003,MG,2.2,773,3,609780.6666666666,3
5819100,RS,2.1,774,3,253318.0,3
8129000,PR,2.1,775,3,471200.0,3
4772500,PR,2.1,776,3,300119.6666666667,3
4789002,ES,2.1,777,3,41846.66666666666,2
4923001,MG,2.1,778,3,371637.3333333333,3
1091101,PB,2.1,779,3,872016.6666666666,3
3329501,SP,2.1,780,3,35540.0,3
9512600,BA,2.1,781,3,514419.3333333333,3
1094500,PR,2.1,782,3,462140.6666666667,3
9529199,MG,2.1,783,3,276624.0,3
8599603,RS,2.1,784,3,287533.3333333333,3
9602501,MG,2.1,785,3,435366.6666666667,3
4724500,BA,2.0,786,3,366631.3333333333,3
5611203,PB,2.0,787,3,449416.6666666667,3
2539001,MG,2.0,788,3,149548.33333333334,3
7319002,ES,2.0,789,3,426500.0,3
4729699,PR,2.0,790,3,180500.0,3
3314707,MG,2.0,791,3,180840.0,3
4520003,PR,2.0,792,3,6851632.666666667,2
4330499,GO,2.0,793,3,178000.0,3
9001906,RJ,2.0,794,3,621330.6666666666,3
4322302,CE,2.0,795,3,891758.6666666666,3
4520006,RN,2.0,796,3,598483.3333333334,3
5912099,SC,2.0,797,3,387344.0,3
4520003,BA,2.0,798,3,367231.6666666667,3
4789001,MG,2.0,799,3,144050.0,3
9521500,GO,2.0,800,3,12000.0,2
5811500,PR,2.0,801,3,125480.0,3
9602502,SC,2.0,802,3,282573.3333333333,3
4753900,RJ,1.9,803,3,267500.0,3
9609299,GO,1.9,804,3,103266.66666666669,3
8599604,PB,1.9,805,3,232840.0,3
4789005,GO,1.9,806,3,103033.33333333331,3
9001901,BA,1.9,807,3,254120.3333333333,3
5611205,MG,1.9,808,3,59733.333333333336,3
7420001,BA,1.9,809,3,190666.66666666663,3
4330403,GO,1.9,810,3,101783.33333333331,3
4723700,RN,1.9,811,3,218533.3333333333,3
3600602,SE,1.9,812,3,1000000.0,1
7420004,SC,1.9,813,3,142353.0,3
4789002,PR,1.9,814,3,115236.66666666669,3
4322302,SC,1.9,815,3,297433.3333333333,3
4520001,CE,1.9,816,3,350786.6666666667,3
4322302,RJ,1.9,817,3,350968.3333333333,3
4321500,BA,1.8,818,3,4143760.0,2
4753900,RN,1.8,819,3,143816.66666666666,3
3321000,SC,1.8,820,3,102006.66666666669,3
7319099,SC,1.8,821,3,98175.0,3
9001906,CE,1.8,822,3,108040.0,3
4520006,ES,1.8,823,3,108656.66666666669,3
8599699,BA,1.8,824,3,68000.0,3
4724500,MG,1.8,825,3,44399.66666666666,3
9001906,SC,1.8,826,3,75833.33333333333,3
5223100,MG,1.7,827,3,568000.0,2
5611204,SC,1.7,828,3,49882.0,1
8219999,DF,1.7,829,3,4327.333333333333,2
9511800,ES,1.7,830,3,71959.66666666667,3
8230001,AL,1.6,831,3,71466.66666666667,3
4321500,PB,1.5,832,3,425000.0,2
4759801,PR,1.5,833,3,88354.33333333333,2
9700500,PR,1.5,834,3,83200.0,2
9001901,PE,1.5,835,3,528692.3333333334,2
4923001,PB,1.5,836,3,378080.0,2
1340599,SC,1.5,837,3,379813.0,2
9529102,DF,1.5,838,3,370203.0,2
8130300,MS,1.4,839,3,233333.3333333333,2
5612100,RS,1.4,840,3,39633.333333333336,2
4399103,MT,1.1,841,3,267880.0,1
2349499,MS,1.0,842,3,80000.0,1
3299004,RJ,0.2,843,2,153900.0,2
5912001,RS,0.2,844,2,210000.0,2
4520005,RJ,0.2,845,2,342200.0,2
7420003,RS,0.2,846,2,22000.0,2
4744099,RJ,0.2,847,2,1390952.5,2
7739099,RS,0.2,848,2,106500.0,2
4757100,ES,0.2,849,2,588155.0,2
9609206,SP,0.2,850,2,329625.0,1
9001901,80320050,0.2,851,2,270250.0,2
4520006,76555000,0.2,852,2,482125.0,2
4789002,76400000,0.2,853,2,187200.0,2
4789003,GO,0.2,854,2,49920.0,2
9529102,CENTRO,0.2,855,2,304600.0,2
1359600,MG,0.2,856,2,29000.0,2
7911200,PE,0.2,857,2,97771.0,2
4520006,75175000,0.2,858,2,195475.0,2
7912100,RN,0.2,859,2,349759.5,2
4321500,75093445,0.2,860,2,367000.0,2
4753900,ES,0.2,861,2,451950.0,2
1352900,ES,0.2,862,2,151875.0,2
4773300,SP,0.2,863,2,50465.5,2
4712100,SC,0.2,864,2,7785800.0,1
8599699,MS,0.2,865,2,648000.0,2
5812301,76330000,0.2,866,2,263985.0,2
4729601,SC,0.2,867,2,67500.0,2
4741500,RS,0.2,868,2,3108509.5,1
3600602,RN,0.2,869,2,8811913.0,1
4759801,MS,0.2,870,2,1681818.0,2
7739099,MA,0.2,871,2,348750.0,2
4520001,TO,0.2,872,2,390000.0,2
7319099,76200000,0.2,873,2,279000.0,2
4763601,BA,0.2,874,2,3512086.0,1
4781400,76330000,0.2,875,2,432000.0,2
5819100,PB,0.2,876,2,512368.5,2
4744099,MS,0.2,877,2,108543.0,2
7319099,75460000,0.2,878,2,392800.0,2
4759899,SC,0.2,879,2,58813.0,2
7990200,SC,0.2,880,2,127025.0,2
7739003,TO,0.2,881,2,208500.0,2
3299002,MS,0.2,882,2,294557.5,2
6190699,ES,0.2,883,2,2601928.5,2
4761003,RN,0.2,884,2,222136.5,2
4761003,RJ,0.2,885,2,216438.5,2
3311200,PB,0.2,886,2,175000.0,2
4759801,GO,0.1,887,2,43000.0,2
4751202,RN,0.1,888,2,167250.0,2
4756300,RJ,0.1,889,2,42500.0,1
4520001,76555000,0.1,890,2,612000.0,1
5620102,MG,0.1,891,2,547840.0,2
9511800,PA,0.1,892,2,670727.5,1
7319002,SE,0.1,893,2,75075.0,2
1813099,PB,0.1,894,2,60000.0,1
3314702,MG,0.1,895,2,253000.0,1
5590699,MG,0.1,896,2,360000.0,2
8599605,MA,0.1,897,2,432315.0,1
9001902,75400000,0.1,898,2,64000.0,2
8592999,SE,0.1,899,2,100000.0,1
3313901,CE,0.1,900,2,132000.0,1
159801,SP,0.1,901,2,90000.0,1
4754701,RJ,0.1,902,2,1809917.0,1
8230001,CONJUNTO ROMILDO FERREIRA DO AMARAL,0.1,903,2,50500.0,2
8599604,MT,0.1,904,2,130500.0,2
6190699,MG,0.1,905,2,62620.0,2
4520005,MS,0.1,906,2,7920.0,2
4754701,MS,0.1,907,2,225850.0,2
4930201,SC,0.1,908,2,559020.0,2
7990200,RS,0.1,909,2,232500.0,2
4721102,RS,0.1,910,2,1340349.5,2
1821100,75650000,0.1,911,2,162895.0,1
4761001,PR,0.1,912,2,407552.5,2
4520002,SC,0.1,913,2,19401000.0,2
4759899,GO,0.1,914,2,550000.0,1
2539001,PB,0.1,915,2,158600.0,2
7732201,BA,0.1,916,2,2593774.0,2
161002,BA,0.1,917,2,3435168.0,1
3212400,RS,0.1,918,2,122750.0,1
1352900,MG,0.1,919,2,160815.0,2
4520001,73760000,0.1,920,2,9250.0,1
8592902,RJ,0.1,921,2,55000.0,2
4723700,PE,0.1,922,2,731941.0,2
1622699,MG,0.1,923,2,239750.0,2
161003,RS,0.1,924,2,1104450.0,2
4789099,MS,0.1,925,2,37524.0,1
4732600,GO,0.1,926,2,72600.0,1
9521500,SC,0.1,927,2,2119853.0,1
8599699,PB,0.1,928,2,310860.0,2
5811500,RJ,0.1,929,2,70250.0,2
8599603,BA,0.1,930,2,162000.5,2
2512800,RS,0.1,931,2,152499.0,2
9602501,BA,0.1,932,2,3752352.0,2
8230001,PA,0.1,933,2,175000.0,2
5611204,BA,0.1,934,2,435000.0,2
5320202,BA,0.1,935,2,84000.0,1
4322301,MG,0.1,936,2,81500.0,2
8593700,PR,0.1,937,2,25000.0,1
5612100,MG,0.1,938,2,5900.0,2
1412601,GO,0.1,939,2,73797.5,2
4783101,SP,0.1,940,2,55000.0,2
4543900,MG,0.1,941,2,462932.5,2
4789099,RN,0.1,942,2,74825.0,2
7319002,SC,0.1,943,2,2364523.0,2
4330404,SC,0.1,944,2,363747.5,2
1629301,RS,0.1,945,2,105000.0,2
1412603,MA,0.1,946,2,132600.0,2
4752100,MG,0.1,947,2,54250.0,1
5819100,AM,0.1,948,2,289250.0,1
7723300,ES,0.1,949,2,145250.0,1
1412603,MG,0.1,950,2,85424.0,1
4772500,PB,0.1,951,2,275598.5,1
3299004,SP,0.1,952,2,116100.0,2
7729202,PA,0.1,953,2,402875.0,2
9001901,80050250,0.1,954,2,32400.0,1
5611204,RS,0.1,955,2,34250.0,2
8130300,PE,0.1,956,2,135000.0,2
8592999,52030010,0.1,957,2,40000.0,1
4330405,SP,0.1,958,2,170000.0,2
161003,GO,0.1,959,2,89425.0,2
4930202,GO,0.1,960,2,417660.0,2
1721400,SP,0.1,961,2,20923.0,1
4763602,ES,0.1,962,2,490763.5,1
7729202,PR,0.1,963,2,126500.0,2
3101200,RJ,0.1,964,2,172450.0,1
5320201,SP,0.1,965,2,202000.0,2
4743100,PE,0.1,966,2,10300.0,2
7420002,BA,0.1,967,2,184000.0,2
161003,MT,0.1,968,2,166420.0,1
7912100,SP,0.1,969,2,151770.0,2
9001902,82940050,0.1,970,2,46800.0,1
9529105,BA,0.1,971,2,165005.0,1
7729202,RN,0.1,972,2,763999.5,2
5620102,BA,0.1,973,2,107000.0,2
9511800,SC,0.1,974,2,94500.0,2
161003,SP,0.1,975,2,93090.0,2
7739099,GO,0.1,976,2,630000.0,1
3811400,SP,0.1,977,2,336900.0,2
4929902,SC,0.1,978,2,703533.0,2
9512600,MG,0.1,979,2,348010.0,1
8599603,SP,0.1,980,2,40000.0,2
9001901,82560430,0.1,981,2,204300.0,1
4761003,AL,0.1,982,2,368874.0,1
4744001,GO,0.1,983,2,148850.0,2
3321000,LAS PALMAS,0.1,984,2,467350.0,1
9001902,75375000,0.1,985,2,54250.0,2
4712100,PI,0.1,986,2,424472.5,2
4755502,RJ,0.1,987,2,13720.0,2
4399105,PB,0.1,988,2,310650.0,1
9529199,GO,0.1,989,2,17650.0,1
4755503,MG,0.1,990,2,40846687.5,2
5611204,CE,0.1,991,2,595000.0,1
7490102,SP,0.1,992,2,56500.0,1
4759899,MG,0.1,993,2,9849828.0,2
3314701,SP,0.1,994,2,3650.0,1
8592999,GO,0.1,995,2,399500.0,2
7420004,MT,0.1,996,2,245000.0,1
4744099,PE,0.1,997,2,13955.0,2
4722901,MG,0.1,998,2,193200.0,1
1629301,GO,0.1,999,2,192235.0,2
7911200,MG,0.1,1000,2,3486840.0,2
1091102,SC,0.1,1001,2,174670.0,2
4781400,CE,0.1,1002,2,291375.0,2
8592999,CE,0.1,1003,2,61857.5,2
3313999,GO,0.1,1004,2,306400.0,2
6190699,RS,0.1,1005,2,40000.0,2
5620102,GO,0.1,1006,2,307600.0,2
4789099,76710000,0.1,1007,2,15299.0,1
4923002,MG,0.1,1008,2,981890.0,2
1091101,GO,0.1,1009,2,164665.0,2
5620102,RS,0.1,1010,2,25000.0,1
9511800,PE,0.1,1011,2,309430.0,2
8599699,13091140,0.1,1012,2,333880.0,1
8130300,PB,0.1,1013,2,181050.0,1
1813099,MG,0.1,1014,2,3137263.0,2
4742300,SP,0.1,1015,2,7117.0,1
9329899,PE,0.1,1016,2,35000.0,1
4520007,BA,0.1,1017,2,2129344.0,2
9601701,MG,0.1,1018,2,75380.0,2
7729202,BA,0.1,1019,2,476400.0,2
5223100,RS,0.1,1020,2,40800.0,2
8219999,75398000,0.1,1021,2,44955.0,2
3314710,PR,0.1,1022,2,7690.0,2
4722901,PB,0.1,1023,2,1168405.0,2
7729202,ES,0.1,1024,2,184508.5,2
8599604,MA,0.1,1025,2,79500.0,1
3299099,PB,0.1,1026,2,450000.0,2
1340501,PR,0.1,1027,2,114346.0,1
5912099,80050370,0.1,1028,2,22950.0,1
4399103,DF,0.1,1029,2,30000.0,2
9001902,MA,0.1,1030,2,112500.0,2
9529105,SC,0.1,1031,2,27000.0,2
3299004,MG,0.1,1032,2,30122.0,2
4754702,40285450,0.1,1033,2,898116.5,1
4751202,GO,0.1,1034,2,201500.0,1
8592903,RJ,0.1,1035,2,285000.0,2
9001906,12237821,0.1,1036,2,16550.0,1
4759801,MT,0.1,1037,2,157010.0,2
3313901,SP,0.1,1038,2,194500.0,2
4923001,GO,0.1,1039,2,348750.0,2
5590699,SP,0.1,1040,2,92500.0,2
9609299,35160350,0.1,1041,2,38500.0,2
4742300,CE,0.1,1042,2,93000.0,1
3313901,PR,0.1,1043,2,582240.0,1
8219999,ES,0.1,1044,2,744903.5,1
9700500,SC,0.1,1045,2,52150.0,2
8299707,95240000,0.1,1046,2,525.0,1
161002,MG,0.1,1047,2,424950.0,2
4742300,GO,0.1,1048,2,210000.0,2
4763604,GO,0.1,1049,2,64950.0,1
7739003,PR,0.1,1050,2,92000.0,2
4781400,ES,0.1,1051,2,50455.0,2
7739003,ES,0.1,1052,2,495275.0,2
7739003,BA,0.1,1053,2,221000.0,2
4751202,BA,0.1,1054,2,74940.5,2
3314720,SP,0.1,1055,2,177500.0,2
5611201,RN,0.1,1056,2,767500.0,2
9001906,29052120,0.1,1057,2,40000.0,1
7319002,76220000,0.1,1058,2,405000.0,1
9001901,80250030,0.1,1059,2,28350.0,1
9001901,28894020,0.1,1060,2,13840.0,1
4712100,SE,0.1,1061,2,7644535.5,2
9001906,CENTRO,0.1,1062,2,104400.0,1
4754701,MG,0.1,1063,2,377000.0,2
4789002,MG,0.1,1064,2,94850.0,2
7319099,PB,0.1,1065,2,647500.0,2
4789005,AM,0.1,1066,2,50500.0,2
3321000,BA,0.1,1067,2,601000.0,2
9601701,RS,0.1,1068,2,8000.0,2
4729699,RS,0.1,1069,2,548700.0,2
4759899,76630000,0.1,1070,2,90000.0,1
1412602,ES,0.1,1071,2,105500.0,2
9001901,CE,0.1,1072,2,55000.0,1
8230002,PR,0.1,1073,2,878749.5,2
4751201,SE,0.1,1074,2,279740.0,2
7721700,BA,0.1,1075,2,487450.0,2
4743100,76202668,0.1,1076,2,38750.0,1
4722902,PA,0.1,1077,2,293461.0,1
9001902,99250000,0.1,1078,2,80000.0,2
5611204,PR,0.1,1079,2,65005.0,2
7420001,DF,0.1,1080,2,279780.0,2
5611201,RO,0.1,1081,2,191736.0,2
4712100,PA,0.1,1082,2,9975.0,1
4761001,SC,0.1,1083,2,30000.0,2
4789099,ES,0.1,1084,2,173490.0,2
9529105,DF,0.1,1085,2,298249.5,2
4322302,MT,0.1,1086,2,316950.0,2
8291100,RS,0.1,1087,2,82400.0,1
4929902,GO,0.1,1088,2,245500.0,2
4330405,SC,0.1,1089,2,2210312.5,1
4520007,RS,0.1,1090,2,9953.0,2
4757100,RS,0.1,1091,2,6570.0,2
8593700,ES,0.1,1092,2,20425.0,1
4789004,RS,0.1,1093,2,106354399.5,2
4789099,76540000,0.1,1094,2,27300.0,1
1412601,RJ,0.1,1095,2,102600.0,1
8599699,12221520,0.1,1096,2,109200.0,1
8599603,PR,0.1,1097,2,237288.0,2
9700500,TEREZA CRISTINA,0.1,1098,2,78300.0,1
4763602,MS,0.1,1099,2,25792.5,2
5912001,SC,0.1,1100,2,12000.0,1
4321500,RN,0.1,1101,2,4932107.5,2
4543900,SP,0.1,1102,2,3300.0,1
4789003,SC,0.1,1103,2,16530.0,2
4772500,RS,0.1,1104,2,50060.0,2
3101200,PE,0.1,1105,2,203630.0,2
9512600,75466438,0.1,1106,2,218249.0,1
5620104,PE,0.1,1107,2,22830.0,2
5611203,RO,0.1,1108,2,34620.0,2
5811500,SC,0.1,1109,2,179160.0,2
4756300,MS,0.1,1110,2,90000.0,1
3212400,MS,0.1,1111,2,30000.0,1
5223100,SP,0.1,1112,2,236000.0,2
4774100,PB,0.1,1113,2,312289.0,2
4924800,ES,0.1,1114,2,370032.5,2
2512800,PB,0.1,1115,2,7119336.0,2
2512800,SC,0.1,1116,2,2368891.0,2
9001901,SE,0.1,1117,2,40000.0,1
4520001,76730000,0.1,1118,2,20500.0,1
4541206,MG,0.1,1119,2,2073127.5,2
1359600,PR,0.1,1120,2,276750.0,2
3314702,SP,0.1,1121,2,76200.0,1
9512600,PR,0.1,1122,2,780377.5,2
4763602,SP,0.1,1123,2,274225.0,2
3299003,RS,0.1,1124,2,27250.0,2
9602502,MG,0.1,1125,2,23000.0,1
3313901,MG,0.1,1126,2,451400.0,2
8219999,TO,0.1,1127,2,567000.0,2
9002702,SC,0.1,1128,2,270202.5,2
9700500,GO,0.1,1129,2,187100.0,2
7420004,SE,0.1,1130,2,169200.0,2
4520001,PB,0.1,1131,2,648060.0,2
4752100,BA,0.1,1132,2,590000.0,2
9001902,77808666,0.1,1133,2,51000.0,1
3314710,BA,0.1,1134,2,702234.5,1
5620104,SC,0.1,1135,2,333075.0,2
9001902,52041640,0.1,1136,2,57700.0,2
9529103,SP,0.1,1137,2,119100.0,2
4789005,PB,0.1,1138,2,585861.0,2
9521500,MT,0.1,1139,2,19000.0,1
4530705,RS,0.1,1140,2,1780511.5,2
4751202,RS,0.1,1141,2,5850.0,1
3314711,RS,0.1,1142,2,45650.0,2
3101200,76265000,0.1,1143,2,8200.0,1
4713002,BA,0.1,1144,2,215600.0,2
4782201,MG,0.1,1145,2,362062.5,2
5912099,73970000,0.1,1146,2,360000.0,1
4755502,PE,0.1,1147,2,123200.0,2
7911200,PB,0.1,1148,2,660500.0,2
4756300,MG,0.1,1149,2,272000.0,2
2599399,RS,0.1,1150,2,108250.0,2
5611201,SC,0.1,1151,2,53445.0,1
4789003,MS,0.1,1152,2,60000.0,1
5590603,BA,0.1,1153,2,853740.0,1
4761003,PB,0.1,1154,2,2871118.0,2
4761001,MG,0.1,1155,2,81349.5,1
161003,PR,0.1,1156,2,3367017.5,1
1822901,RN,0.1,1157,2,260000.0,1
4783102,ES,0.1,1158,2,55000.0,2
5590699,BA,0.1,1159,2,270280.0,2
2539001,CE,0.1,1160,2,120995.0,2
8592902,MG,0.1,1161,2,2978.5,2
4721102,PB,0.1,1162,2,298500.0,2
1531901,SP,0.1,1163,2,8550.0,1
1822901,ES,0.1,1164,2,833607.0,1
4520001,PE,0.1,1165,2,1648300.0,1
9001901,82530195,0.1,1166,2,43200.0,1
8592999,82840310,0.1,1167,2,43200.0,1
4923001,TO,0.0,1168,1,225224.0,1
4399105,RS,0.0,1169,1,26800.0,1
4399103,MS,0.0,1170,1,1375165.0,1
5320201,MA,0.0,1171,1,55320.0,1
8230001,RO,0.0,1172,1,100000.0,1
4759899,75806280,0.0,1173,1,62350.0,1
5320201,MG,0.0,1174,1,12950.0,1
7729202,TO,0.0,1175,1,0.0,1
5819100,RUBEM BERTA,0.0,1176,1,93800.0,1
159801,PR,0.0,1177,1,117600.0,1
4330404,RJ,0.0,1178,1,72000.0,1
3103900,GO,0.0,1179,1,16500.0,1
2330399,GO,0.0,1180,1,429600.0,1
5811500,PI,0.0,1181,1,12000.0,1
9511800,79826080,0.0,1182,1,277200.0,1
4762800,MG,0.0,1183,1,58000.0,1
6190699,PA,0.0,1184,1,759027.0,1
5819100,SC,0.0,1185,1,43100.0,1
7319099,77760000,0.0,1186,1,112650.0,1
2349499,ES,0.0,1187,1,72000.0,1
8130300,ES,0.0,1188,1,385658.0,1
4520003,MG,0.0,1189,1,520000.0,1
7739099,75398000,0.0,1190,1,588000.0,1
4712100,58280000,0.0,1191,1,220645.0,1
2330399,RS,0.0,1192,1,424500.0,1
4723700,MA,0.0,1193,1,36000.0,1
4322302,AC,0.0,1194,1,293300.0,1
7420001,TO,0.0,1195,1,534000.0,1
8599605,PE,0.0,1196,1,25506.0,1
8230001,75389287,0.0,1197,1,30000.0,1
1091101,MG,0.0,1198,1,458500.0,1
4330404,DF,0.0,1199,1,0.0,1
5813100,PR,0.0,1200,1,40500.0,1
4520007,AM,0.0,1201,1,400000.0,1
7733100,MS,0.0,1202,1,45000.0,1
1422300,MG,0.0,1203,1,1590000.0,1
8599699,MT,0.0,1204,1,51750.0,1
1099604,GO,0.0,1205,1,3900.0,1
3314706,MA,0.0,1206,1,45000.0,1
4541206,PE,0.0,1207,1,600000.0,1
4743100,RN,0.0,1208,1,499110.0,1
4729601,MG,0.0,1209,1,1233000.0,1
1629301,76380112,0.0,1210,1,3575.0,1
3212400,SC,0.0,1211,1,308000.0,1
4322302,65639000,0.0,1212,1,84300.0,1
9529102,ES,0.0,1213,1,49000.0,1
4930202,ES,0.0,1214,1,9218880.0,1
9001902,40430190,0.0,1215,1,40900.0,1
4321500,PE,0.0,1216,1,182160.0,1
5611204,PE,0.0,1217,1,150000.0,1
5813100,RN,0.0,1218,1,300000.0,1
3101200,DF,0.0,1219,2,0.0,1
4741500,DF,0.0,1220,1,0.0,1
3101200,76350000,0.0,1221,1,303200.0,1
9001901,MS,0.0,1222,1,30000.0,1
5611205,RS,0.0,1223,1,50000.0,1
1096100,PR,0.0,1224,1,79090.0,1
4732600,PR,0.0,1225,1,116990.0,1
1629301,AC,0.0,1226,1,222000.0,1
7911200,SC,0.0,1227,1,194520.0,1
4761001,RESIDENCIAL DAS ACACIAS,0.0,1228,1,86220.0,1
1749400,MG,0.0,1229,1,619500.0,1
3314712,RS,0.0,1230,1,245625.0,1
9521500,PE,0.0,1231,1,65000.0,1
9001906,76190000,0.0,1232,1,120000.0,1
5620104,CE,0.0,1233,1,603250.0,1
9001901,38414434,0.0,1234,1,198400.0,1
4753900,PB,0.0,1235,1,530000.0,1
4789004,PB,0.0,1236,1,380000.0,1
4722902,SP,0.0,1237,1,283140.0,1
3313999,MG,0.0,1238,1,6549211.0,1
4763602,GO,0.0,1239,1,31500.0,1
5620102,24931840,0.0,1240,1,6444996.0,1
1412601,PB,0.0,1241,1,361620.0,1
4721103,PE,0.0,1242,1,119650.0,1
4761002,SP,0.0,1243,1,13240.0,1
4399103,18770000,0.0,1244,1,102000.0,1
4755503,GO,0.0,1245,1,27990.0,1
8230001,58900000,0.0,1246,1,650000.0,1
1412601,76300000,0.0,1247,1,670000.0,1
4789099,SC,0.0,1248,1,496032.0,1
4763602,RS,0.0,1249,1,16000.0,1
9529102,MINEIRINHO,0.0,1250,1,74680.0,1
8592999,RN,0.0,1251,1,238333.0,1
9001902,96070861,0.0,1252,1,45000.0,1
1629301,SE,0.0,1253,1,616800.0,1
3101200,SC,0.0,1254,1,373300.0,1
5611204,ES,0.0,1255,1,30000.0,1
2599399,MG,0.0,1256,1,185000.0,1
4330499,PR,0.0,1257,1,636000.0,1
2539001,TO,0.0,1258,1,85000.0,1
4789008,35380000,0.0,1259,1,28000.0,1
4712100,RN,0.0,1260,1,508000.0,1
2539001,ES,0.0,1261,1,200000.0,1
4520001,77560000,0.0,1262,1,553225.0,1
4772500,ES,0.0,1263,1,18380.0,1
8592902,16018340,0.0,1264,1,135000.0,1
3101200,76460000,0.0,1265,1,164000.0,1
4530705,SC,0.0,1266,1,195250.0,1
5912099,PE,0.0,1267,1,120000.0,1
5620104,AC,0.0,1268,1,59360.0,1
8593700,28035302,0.0,1269,1,1800.0,1
5611204,PB,0.0,1270,1,122400.0,1
1412602,AL,0.0,1271,1,30600.0,1
3240099,MG,0.0,1272,1,300000.0,1
8230002,71693500,0.0,1273,1,400000.0,1
5813100,RS,0.0,1274,1,200000.0,1
4520007,TO,0.0,1275,1,48000.0,1
4520008,BA,0.0,1276,1,600000.0,1
4330499,87721899,0.0,1277,1,184845746.0,1
4520006,RO,0.0,1278,1,970060.0,1
4924800,37476000,0.0,1279,1,0.0,1
5611205,PR,0.0,1280,1,41667.0,1
4520001,MS,0.0,1281,1,1237896.0,1
5611203,PE,0.0,1282,1,6062017.0,1
4330404,AL,0.0,1283,1,809962.0,1
3299002,BA,0.0,1284,1,300700.0,1
9700500,ES,0.0,1285,1,21600.0,1
3299003,SC,0.0,1286,1,169000.0,1
1412603,DF,0.0,1287,1,314955.0,1
4744004,PB,0.0,1288,1,504900.0,1
9602501,89520000,0.0,1289,1,449988.0,1
1359600,DF,0.0,1290,1,483780.0,1
4789002,SP,0.0,1291,1,75000.0,1
4329101,BA,0.0,1292,1,80000.0,1
1094500,BA,0.0,1293,1,14777634.0,1
7319099,CASA,0.0,1294,1,225000.0,1
4756300,GO,0.0,1295,1,580000.0,1
8593700,18685510,0.0,1296,1,243400.0,1
9001902,82630220,0.0,1297,1,250000.0,1
4789007,ES,0.0,1298,1,29911.0,1
4744001,CENTRO,0.0,1299,1,119662.0,1
4744004,BA,0.0,1300,1,1739246.0,1
4724500,PA,0.0,1301,1,27000.0,1
1322700,MG,0.0,1302,1,112064.0,1
4774100,SP,0.0,1303,1,211200.0,1
4930204,GO,0.0,1304,1,7000.0,1
8599605,MG,0.0,1305,1,60000.0,1
5229002,PR,0.0,1306,1,793735.0,1
8599699,RN,0.0,1307,1,99990.0,1
4322301,GO,0.0,1308,1,630000.0,1
1311100,BA,0.0,1309,1,500350.0,1
1064300,MG,0.0,1310,1,50000.0,1
1813001,BA,0.0,1311,1,118800.0,1
4741500,MT,0.0,1312,1,8250.0,1
4754701,SP,0.0,1313,1,51800.0,1
4789001,PB,0.0,1314,1,134500.0,1
2229399,RS,0.0,1315,1,71200.0,1
4782201,RS,0.0,1316,1,500000.0,1
1629301,PR,0.0,1317,1,8098464.0,1
8599605,BA,0.0,1318,1,22000.0,1
7739099,PE,0.0,1319,1,540000.0,1
7912100,SC,0.0,1320,1,444000.0,1
4530705,SP,0.0,1321,1,742800.0,1
8230001,MARIANO PROCOPIO,0.0,1322,1,1613334.0,1
4321500,ES,0.0,1323,1,30000.0,1
322104,PR,0.0,1324,1,150350.0,1
4761002,PR,0.0,1325,1,98000.0,1
4741500,SP,0.0,1326,1,5900.0,1
8599604,78068625,0.0,1327,1,6000.0,1
9529103,30120074,0.0,1328,1,14300.0,1
4722901,BA,0.0,1329,1,203515.0,1
2330399,MG,0.0,1330,1,0.0,1
3321000,SP,0.0,1331,1,161000.0,1
3319800,PE,0.0,1332,1,598800.0,1
4755503,CE,0.0,1333,1,167241.0,1
4763601,SC,0.0,1334,1,650000.0,1
7911200,PA,0.0,1335,1,9955024.0,1
4399103,75407290,0.0,1336,1,954848.0,1
5912099,GO,0.0,1337,1,247920.0,1
8129000,PB,0.0,1338,1,165000.0,1
4929901,SP,0.0,1339,1,0.0,1
1091101,SC,0.0,1340,1,122315.0,1
2349499,PE,0.0,1341,1,360000.0,1
3314702,PI,0.0,1342,1,34557807.0,1
3321000,PE,0.0,1343,1,1083098.0,1
8230001,96030001,0.0,1344,1,80000.0,1
3291400,PE,0.0,1345,1,651000.0,1
1821100,BA,0.0,1346,1,70000.0,1
8219901,RN,0.0,1347,1,287400.0,1
4752100,PB,0.0,1348,1,202800.0,1
4772500,MT,0.0,1349,1,599994.0,1
1412602,TO,0.0,1350,1,85766.0,1
4321500,PA,0.0,1351,1,542500.0,1
4763604,PR,0.0,1352,1,85332.0,1
1412601,PA,0.0,1353,1,281000.0,1
4722902,PB,0.0,1354,1,949500.0,1
7733100,SP,0.0,1355,1,34896.0,1
4789007,PR,0.0,1356,1,0.0,1
3240099,RJ,0.0,1357,1,5914999.0,1
9700500,RN,0.0,1358,1,228000.0,1
3299004,DF,0.0,1359,1,0.0,1
4930201,DISTRITO DE BACILANDIA,0.0,1360,1,216000.0,1
9602502,PE,0.0,1361,1,7000.0,1
4329101,PR,0.0,1362,1,64700.0,1
4924800,75340000,0.0,1363,1,3556872.0,1
1529700,SP,0.0,1364,1,230000.0,1
8592999,SALA 05 06,0.0,1365,1,211200.0,1
3212400,MG,0.0,1366,1,4957.0,1
9002702,RJ,0.0,1367,1,588000.0,1
8599604,SE,0.0,1368,1,14500.0,1
4723700,GO,0.0,1369,1,555200.0,1
4754703,MG,0.0,1370,1,163200.0,1
4743100,73900000,0.0,1371,1,20120.0,1
4761003,SC,0.0,1372,1,18646008.0,1
3329501,GO,0.0,1373,1,150000.0,1
2532201,PR,0.0,1374,1,24250.0,1
1629301,MG,0.0,1375,1,620000.0,1
3329501,SC,0.0,1376,1,84000.0,1
7420001,PA,0.0,1377,1,3000.0,1
2399101,MS,0.0,1378,1,60000.0,1
2542000,SC,0.0,1379,1,113800.0,1
4321500,RR,0.0,1380,1,16450.0,1
5819100,MA,0.0,1381,1,195030.0,1
4329101,SE,0.0,1382,1,36996.0,1
4930201,73975000,0.0,1383,1,650000.0,1
2950600,MG,0.0,1384,1,0.0,1
8130300,AL,0.0,1385,1,135000.0,1
5912099,12237828,0.0,1386,1,18050.0,1
4330499,MG,0.0,1387,1,408500.0,1
9329899,29101125,0.0,1388,1,91000.0,1
1749400,GO,0.0,1389,1,88700.0,1
1352900,PR,0.0,1390,1,487500.0,1
3240099,PR,0.0,1391,1,8000.0,1
4721104,SP,0.0,1392,1,1800.0,1
8129000,MS,0.0,1393,1,396000.0,1
4751201,PE,0.0,1394,1,589000.0,1
5812301,SC,0.0,1395,1,25550.0,1
8599604,DF,0.0,1396,1,30000.0,1
5819100,SETOR HABITACIONAL CONTAGEM (SOBRADINHO),0.0,1397,1,114500.0,1
4399105,75350000,0.0,1398,1,300000.0,1
4744004,PR,0.0,1399,1,42000.0,1
4399105,SP,0.0,1400,1,210000.0,1
3314702,RJ,0.0,1401,1,15900.0,1
1749400,RS,0.0,1402,1,231750.0,1
4930201,81130330,0.0,1403,1,254760.0,1
5812300,MG,0.0,1404,1,390000.0,1
4753900,78075685,0.0,1405,1,236625.0,1
4721102,SC,0.0,1406,1,226750.0,1
9601701,PR,0.0,1407,1,101790.0,1
8599604,RN,0.0,1408,1,516000.0,1
4520001,75810000,0.0,1409,1,95200.0,1
7319002,75084140,0.0,1410,1,50925.0,1
4321500,75837645,0.0,1411,1,220000.0,1
2539001,MT,0.0,1412,1,17900.0,1
4742300,BA,0.0,1413,1,7521012.0,1
3329501,RS,0.0,1414,1,50000.0,1
8599604,80730460,0.0,1415,1,120000.0,1
3319800,76050174,0.0,1416,1,176130.0,1
8130300,MT,0.0,1417,1,102000.0,1
5320201,RS,0.0,1418,1,199486.0,1
8599603,AL,0.0,1419,1,42000.0,1
1092900,MG,0.0,1420,1,296037.0,1
7729202,MT,0.0,1421,1,174000.0,1
4930201,PB,0.0,1422,1,85000.0,1
4330403,MA,0.0,1423,1,299200.0,1
8592902,PE,0.0,1424,1,10000.0,1
5620102,MT,0.0,1425,1,35000.0,1
3314707,SC,0.0,1426,1,25200.0,1
9001902,88304101,0.0,1427,1,12000.0,1
9001902,LOJA,0.0,1428,1,182160.0,1
4744002,PR,0.0,1429,1,30000.0,1
4752100,SC,0.0,1430,1,6000.0,1
4751201,TO,0.0,1431,1,115680.0,1
4753900,MG,0.0,1432,1,1100.0,1
7729202,75460000,0.0,1433,1,58700.0,1
7319002,RO,0.0,1434,1,600000.0,1
6399200,BA,0.0,1435,1,6289113.0,1
7319002,35681314,0.0,1436,1,120000.0,1
9002702,PR,0.0,1437,1,2656500.0,1
9001906,MS,0.0,1438,1,0.0,1
4789007,DF,0.0,1439,1,25415.0,1
9529104,BA,0.0,1440,1,188640.0,1
8712300,PB,0.0,1441,1,352000.0,1
8299799,PR,0.0,1442,1,64800.0,1
4322302,73870000,0.0,1443,1,307200.0,1
1340599,RS,0.0,1444,1,4950.0,1
4321500,MS,0.0,1445,1,66000.0,1
7911200,RJ,0.0,1446,1,1000000.0,1
8592903,SE,0.0,1447,1,160000.0,1
8219901,CENTRO,0.0,1448,1,46100.0,1
4789008,RS,0.0,1449,1,34000.0,1
8299799,PI,0.0,1450,1,48000.0,1
4759801,74946643,0.0,1451,1,123940.0,1
4520005,PI,0.0,1452,1,2356316.0,1
9521500,73930000,0.0,1453,1,540000.0,1
7319002,24230240,0.0,1454,1,523600.0,1
1749400,PR,0.0,1455,1,24750.0,1
3299004,PR,0.0,1456,1,47760.0,1
1749400,BA,0.0,1457,1,324000.0,1
4757100,AL,0.0,1458,1,8093493.0,1
4923002,25963620,0.0,1459,1,700000.0,1
4399199,RR,0.0,1460,1,204000.0,1
9609299,SC,0.0,1461,1,55000.0,1
1096100,SC,0.0,1462,1,1000.0,1
3212400,SP,0.0,1463,1,72000.0,1
4930204,SP,0.0,1464,1,67500.0,1
1099604,PR,0.0,1465,1,262910.0,1
7721700,AM,0.0,1466,1,125000.0,1
4330499,DF,0.0,1467,1,0.0,1
5223100,RO,0.0,1468,1,62400.0,1
8219999,AM,0.0,1469,1,360000.0,1
8592999,GARAVELO RESIDENCIAL PARK,0.0,1470,1,150000.0,1
3314707,BA,0.0,1471,1,3918235.0,1
4520007,MG,0.0,1472,1,525000.0,1
4330403,PR,0.0,1473,1,36000.0,1
4761003,VILA GRIMPAS,0.0,1474,1,2111673.0,1
8599605,89650000,0.0,1475,1,85000.0,1
1413403,GO,0.0,1476,1,35000.0,1
1813001,CIDADE JARDIM,0.0,1477,1,4595808.0,1
9529102,76270000,0.0,1478,1,5500.0,1
4930204,ES,0.0,1479,1,308000.0,1
4743100,SC,0.0,1480,1,28000.0,1
5620101,ES,0.0,1481,1,131250.0,1
9001902,22730020,0.0,1482,1,80000.0,1
4755502,73930000,0.0,1483,1,440000.0,1
5812302,PR,0.0,1484,1,1.0,1
8230001,80530903,0.0,1485,1,220000.0,1
7729202,SITIOS VALE DAS BRISAS,0.0,1486,1,15320.0,1
3319800,PA,0.0,1487,1,67000.0,1
4754701,GO,0.0,1488,1,21500.0,1
9521500,ES,0.0,1489,1,30000.0,1
4752100,CE,0.0,1490,1,207234.0,1
4330403,MG,0.0,1491,1,105000.0,1
7911200,RN,0.0,1492,1,620100.0,1
5813100,SC,0.0,1493,1,250560.0,1
6190699,RN,0.0,1494,1,264000.0,1
4722901,RO,0.0,1495,1,104148.0,1
8592999,88900216,0.0,1496,1,50000.0,1
4755502,CE,0.0,1497,1,97678.0,1
2330399,PR,0.0,1498,1,0.0,1
1622699,PR,0.0,1499,1,755520.0,1
7911200,PI,0.0,1500,1,219984.0,1
1412601,MS,0.0,1501,1,44400.0,1
8592999,DF,0.0,1502,1,2500.0,1
4757100,PE,0.0,1503,1,230193.0,1
1340501,MG,0.0,1504,1,0.0,1
8592999,87045360,0.0,1505,1,35000.0,1
9529199,PR,0.0,1506,1,72000.0,1
4541206,BA,0.0,1507,1,2190000.0,1
3314707,CE,0.0,1508,1,6381059.0,1
4321500,93220250,0.0,1509,1,95250.0,1
9521500,BA,0.0,1510,1,6291775.0,1
7420001,75555000,0.0,1511,1,33200.0,1
3314701,RS,0.0,1512,1,49500.0,1
4783102,SP,0.0,1513,1,250000.0,1
4929902,PE,0.0,1514,1,354000.0,1
5223100,SC,0.0,1515,1,288000.0,1
8592903,RN,0.0,1516,1,50000.0,1
5612100,BA,0.0,1517,1,154000.0,1
1091102,BA,0.0,1518,1,636000.0,1
8599604,TO,0.0,1519,1,170000.0,1
7420002,MG,0.0,1520,1,250000.0,1
1413403,PB,0.0,1521,1,453700.0,1
4729699,RJ,0.0,1522,1,10000.0,1
9001902,05754071,0.0,1523,1,35000.0,1
8020002,RS,0.0,1524,1,308000.0,1
3314707,RO,0.0,1525,1,89600.0,1
7420004,CASA,0.0,1526,1,110000.0,1
9001902,06210050,0.0,1527,1,162500.0,1
7420001,ES,0.0,1528,1,102000.0,1
5612100,PR,0.0,1529,1,608500.0,1
3329501,PB,0.0,1530,1,36000.0,1
1031700,RS,0.0,1531,1,362500.0,1
1091101,MS,0.0,1532,1,84000.0,1
9512600,GO,0.0,1533,1,141200.0,1
8230001,DF,0.0,1534,1,52500.0,1
4713002,MG,0.0,1535,2,0.0,1
2542000,PB,0.0,1536,1,1314048.0,1
4399199,RS,0.0,1537,1,98000.0,1
7420001,87020160,0.0,1538,1,78000.0,1
4729699,MT,0.0,1539,1,150000.0,1
4530705,PR,0.0,1540,1,933559.0,1
9609299,PA,0.0,1541,1,148704.0,1
7739003,76200000,0.0,1542,1,221700.0,1
5912099,PI,0.0,1543,1,300000.0,1
4759899,RS,0.0,1544,1,9900.0,1
3329501,RJ,0.0,1545,1,148200.0,1
5223100,74030065,0.0,1546,1,276000.0,1
5611201,76300000,0.0,1547,1,336000.0,1
5611205,SP,0.0,1548,1,198000.0,1
5812301,PB,0.0,1549,1,317400.0,1
2330399,76730000,0.0,1550,1,63600.0,1
4761001,RJ,0.0,1551,1,300000.0,1
4781400,PI,0.0,1552,1,11200.0,1
9601701,TO,0.0,1553,1,68970.0,1
1412603,AC,0.0,1554,1,80000.0,1
2542000,ES,0.0,1555,1,160000.0,1
5611201,PA,0.0,1556,1,86400.0,1
3313901,RN,0.0,1557,1,546000.0,1
7420001,CE,0.0,1558,1,3944491.0,1
3299003,SE,0.0,1559,1,336675.0,1
1412603,GO,0.0,1560,1,18000.0,1
3299004,GO,0.0,1561,1,37500.0,1
8219999,76510000,0.0,1562,1,43500.0,1
5611204,SP,0.0,1563,1,151000.0,1
3600602,PE,0.0,1564,1,631750.0,1
4757100,RN,0.0,1565,1,513350.0,1
9511800,60712025,0.0,1566,1,119999.0,1
9001901,DF,0.0,1567,1,116800.0,1
3321000,PR,0.0,1568,1,524890.0,1
8592999,TO,0.0,1569,1,194520.0,1
5611203,ES,0.0,1570,1,562038.0,1
3101200,CE,0.0,1571,1,160500.0,1
2539001,76660000,0.0,1572,1,579400.0,1
4929902,RN,0.0,1573,1,210000.0,1
5912099,PB,0.0,1574,1,74900.0,1
4755502,GO,0.0,1575,1,104596.0,1
1521100,GO,0.0,1576,1,5900.0,1
5611203,RN,0.0,1577,1,247500.0,1
5611205,TO,0.0,1578,1,15000.0,1
4732600,BA,0.0,1579,1,1691650.0,1
5812302,DF,0.0,1580,1,0.0,1
9002702,SP,0.0,1581,1,16650.0,1
1629301,MT,0.0,1582,1,304500.0,1
5320202,GO,0.0,1583,1,249600.0,1
5912099,75955000,0.0,1584,1,3000.0,1
4520007,75460032,0.0,1585,1,6500.0,1
4321500,AC,0.0,1586,1,538020.0,1
4399103,72405320,0.0,1587,1,0.0,1
7420004,MS,0.0,1588,1,5900004.0,1
4543900,ES,0.0,1589,1,70000.0,1
9001901,80010120,0.0,1590,1,40500.0,1
5320201,AM,0.0,1591,1,33600.0,1
4789099,MG,0.0,1592,1,188500.0,1
9001902,49095650,0.0,1593,1,100000.0,1
4783101,ES,0.0,1594,1,170000.0,1
5812301,PI,0.0,1595,1,642000.0,1
9002702,RS,0.0,1596,1,1421000.0,1
9001902,MT,0.0,1597,1,107145.0,1
1411801,ES,0.0,1598,1,64460.0,1
4930201,76220000,0.0,1599,1,480000.0,1
9602501,GO,0.0,1600,1,170000.0,1
8592999,ICARAI,0.0,1601,1,350000.0,1
4772500,RJ,0.0,1602,1,367000.0,1
5812301,PR,0.0,1603,1,244800.0,1
8130300,RO,0.0,1604,1,155650.0,1
4543900,PI,0.0,1605,1,1590000.0,1
1095300,TO,0.0,1606,1,48094.0,1
3811400,MG,0.0,1607,1,0.0,1
4520005,29400000,0.0,1608,1,79200.0,1
4530704,MG,0.0,1609,1,0.0,1
7319099,RJ,0.0,1610,1,350000.0,1
4330404,MA,0.0,1611,1,0.0,1
5912001,80420120,0.0,1612,1,75600.0,1
8592999,MT,0.0,1613,1,3000.0,1
4322302,75980000,0.0,1614,1,26500.0,1
4755501,RN,0.0,1615,1,80000.0,1
3319800,MG,0.0,1616,1,0.0,1
9001902,76387794,0.0,1617,1,147900.0,1
8230001,42706100,0.0,1618,1,435769.0,1
7319099,PA,0.0,1619,1,432000.0,1
7319099,RN,0.0,1620,1,200000.0,1
5611201,PI,0.0,1621,1,2605354.0,1
9529105,RN,0.0,1622,1,86400.0,1
8599605,RS,0.0,1623,1,75000.0,1
1094500,SP,0.0,1624,1,193872.0,1
4723700,RJ,0.0,1625,1,8328.0,1
3101200,MS,0.0,1626,1,12371998.0,1
4729699,GO,0.0,1627,1,582650.0,1
4930204,MS,0.0,1628,1,611000.0,1
4713002,MS,0.0,1629,1,629900.0,1
4744002,RS,0.0,1630,1,6000.0,1
7721700,RN,0.0,1631,1,70000.0,1
2512800,SP,0.0,1632,1,31000.0,1
8592999,93701335,0.0,1633,1,60000.0,1
9512600,CASA,0.0,1634,1,265766.0,1
1813099,SC,0.0,1635,1,7283754.0,1
4520001,75440000,0.0,1636,1,317850.0,1
4723700,PR,0.0,1637,1,57400.0,1
7739099,74936250,0.0,1638,1,211200.0,1
4924800,VILA 3 DE MARCO,0.0,1639,1,836160.0,1
8299799,GO,0.0,1640,1,10000.0,1
2532201,RS,0.0,1641,1,2400000.0,1
5620104,MS,0.0,1642,1,785345.0,1
4789005,MS,0.0,1643,1,414000.0,1
4773300,RJ,0.0,1644,1,213628.0,1
161003,MS,0.0,1645,1,837408.0,1
1412602,RN,0.0,1646,1,235000.0,1
8299799,TO,0.0,1647,1,68000.0,1
7739099,MG,0.0,1648,1,15000.0,1
9001902,JARDIM ESMERALDA,0.0,1649,1,50000.0,1
5620104,DF,0.0,1650,1,0.0,1
4789003,MG,0.0,1651,1,1067183999.0,1
1749400,GUARA II,0.0,1652,1,12000.0,1
9001902,76630000,0.0,1653,1,308684.0,1
4751202,SC,0.0,1654,1,1032901.0,1
3314701,MG,0.0,1655,1,3300.0,1
8219999,SE,0.0,1656,1,210000.0,1
3299002,SC,0.0,1657,1,41000.0,1
4929901,PR,0.0,1658,1,103960.0,1
5912099,RJ,0.0,1659,1,10000.0,1
5811500,MG,0.0,1660,1,78000.0,1
7319099,77433270,0.0,1661,1,18000.0,1
4330404,ES,0.0,1662,1,230000.0,1
161003,PA,0.0,1663,1,790800.0,1
4761003,PA,0.0,1664,1,653249.0,1
4789002,BA,0.0,1665,1,304680.0,1
9001906,77816060,0.0,1666,1,10000.0,1
4753900,PR,0.0,1667,1,61587.0,1
4789008,PB,0.0,1668,1,541000.0,1
8592999,93218270,0.0,1669,1,70000.0,1
5620103,PR,0.0,1670,1,540000.0,1
5611203,PI,0.0,1671,1,26400.0,1
7420001,29056255,0.0,1672,1,215000.0,1
8592999,CASA,0.0,1673,1,50000.0,1
8299799,RS,0.0,1674,1,12000.0,1
4321500,RJ,0.0,1675,1,625418.0,1
9529105,SE,0.0,1676,1,52000.0,1
1813001,76270000,0.0,1677,1,2720.0,1
2342702,75398000,0.0,1678,1,390000.0,1
5813100,MS,0.0,1679,1,3399594.0,1
5812301,RO,0.0,1680,1,362310.0,1
9609299,ES,0.0,1681,1,92000.0,1
5912099,PA,0.0,1682,1,582500.0,1
4789099,PB,0.0,1683,1,102000.0,1
5819100,PE,0.0,1684,1,148920.0,1
4929902,RS,0.0,1685,1,350000.0,1
7911200,AM,0.0,1686,1,41600.0,1
4929901,GO,0.0,1687,1,50000.0,1
9329899,SETOR VILA NOVA,0.0,1688,1,447360.0,1
4755503,ES,0.0,1689,1,97500.0,1
4759899,PR,0.0,1690,1,31980.0,1
1531901,GO,0.0,1691,1,318250.0,1
4930202,SC,0.0,1692,1,25000.0,1
4322302,87550057,0.0,1693,1,180000.0,1
3299003,MA,0.0,1694,1,644240.0,1
4520002,TO,0.0,1695,1,145890.0,1
9529105,RJ,0.0,1696,1,204051.0,1
4732600,PB,0.0,1697,1,620000.0,1
4329101,APT 803,0.0,1698,1,133400.0,1
7723300,SC,0.0,1699,1,81060.0,1
4330404,BA,0.0,1700,1,6118464.0,1
8599699,CASA,0.0,1701,1,15000.0,1
4712100,MS,0.0,1702,1,228750.0,1
3101200,75065180,0.0,1703,1,69720.0,1
4759899,RJ,0.0,1704,1,616994.0,1
2512800,SE,0.0,1705,1,200000.0,1
5590699,PA,0.0,1706,1,2132910.0,1
5611204,RJ,0.0,1707,1,5815152.0,1
7319002,DF,0.0,1708,1,0.0,1
4759801,MG,0.0,1709,1,100000.0,1
4789004,RJ,0.0,1710,1,68500.0,1
8592902,40060090,0.0,1711,1,320000.0,1
3329501,MA,0.0,1712,1,4500.0,1
4789004,GO,0.0,1713,1,96000.0,1
7733100,RS,0.0,1714,1,114000.0,1
7739099,BA,0.0,1715,1,611380.0,1
8599603,PB,0.0,1716,1,138000.0,1
4321500,76660000,0.0,1717,1,420000.0,1
4399103,ES,0.0,1718,1,620010.0,1
9511800,MT,0.0,1719,1,60000.0,1
3101200,FAZENDA GRANDE IV,0.0,1720,1,180000.0,1
3220500,BA,0.0,1721,1,1706668.0,1
4763601,MG,0.0,1722,1,999999.0,1
5812301,CE,0.0,1723,1,167880.0,1
4322302,ES,0.0,1724,1,4000.0,1
1352900,SP,0.0,1725,1,3600.0,1
4751201,13254413,0.0,1726,1,2800.0,1
2599301,PR,0.0,1727,1,2715214.0,1
9001901,04166003,0.0,1728,1,40000.0,1
7721700,CE,0.0,1729,1,637260.0,1
3299003,MG,0.0,1730,1,0.0,1
4520001,73930000,0.0,1731,1,478335.0,1
8129000,MG,0.0,1732,1,69600.0,1
1351100,SP,0.0,1733,1,82950.0,1
4723700,RO,0.0,1734,1,17500.0,1
5611201,AL,0.0,1735,1,7604629.0,1
4761001,93032205,0.0,1736,1,236400.0,1
5611203,AL,0.0,1737,1,1904256.0,1
4321500,75810000,0.0,1738,1,648053298.0,1
1033302,SC,0.0,1739,1,340000.0,1
8592903,MS,0.0,1740,1,2352555.0,1
4923001,PE,0.0,1741,1,360000.0,1
4762800,SP,0.0,1742,1,27010.0,1
4781400,AREAL (AGUAS CLARAS),0.0,1743,1,42000.0,1
4929901,RS,0.0,1744,1,84000.0,1
8230001,CASA casa,0.0,1745,1,36000.0,1
9609299,PE,0.0,1746,1,120000.0,1
5611201,MT,0.0,1747,1,456120.0,1
5812301,AL,0.0,1748,1,100000.0,1
4724500,PB,0.0,1749,1,14168132.0,1
9602501,SE,0.0,1750,1,100000.0,1
8219999,AL,0.0,1751,1,40000.0,1
4789099,PE,0.0,1752,1,232580.0,1
7420001,88308600,0.0,1753,1,496032.0,1
9602501,RJ,0.0,1754,1,359976.0,1
4330499,MS,0.0,1755,1,315000.0,1
5912099,MT,0.0,1756,1,750015.0,1
9529102,75950000,0.0,1757,1,12000.0,1
4520005,RO,0.0,1758,1,27650.0,1
5811500,PE,0.0,1759,1,116800.0,1
5611205,PB,0.0,1760,1,480000.0,1
121101,CE,0.0,1761,1,805480.0,1
9001902,75180000,0.0,1762,1,302500.0,1
8299703,MG,0.0,1763,1,56750.0,1
3314711,MG,0.0,1764,1,0.0,1
4330404,CENTRO,0.0,1765,1,3160753.0,1
4520007,GO,0.0,1766,1,7700.0,1
4330499,BA,0.0,1767,1,5817275.0,1
4789002,95250000,0.0,1768,1,4500.0,1
8592999,PB,0.0,1769,1,252100.0,1
4772500,75795000,0.0,1770,1,30550.0,1
1821100,MG,0.0,1771,1,75000.0,1
9511800,73760000,0.0,1772,1,474000.0,1
8599603,RJ,0.0,1773,1,0.0,1
5811500,BA,0.0,1774,1,31450.0,1
3101200,PB,0.0,1775,1,650000.0,1
9001902,24902430,0.0,1776,1,200000.0,1
8592903,18115390,0.0,1777,1,6200004.0,1
8230001,ASA SUL,0.0,1778,1,65000.0,1
3319800,PB,0.0,1779,1,273000.0,1
4789005,PA,0.0,1780,1,149960.0,1
8599604,40280902,0.0,1781,1,640000.0,1
5612100,SETOR DERGO,0.0,1782,1,121000.0,1
8592999,75705070,0.0,1783,1,142050.0,1
3299099,88317200,0.0,1784,1,40000.0,1
9602502,GO,0.0,1785,1,289560.0,1
9700500,MS,0.0,1786,1,195000.0,1
4924800,PI,0.0,1787,1,564000.0,1
4773300,MG,0.0,1788,1,517500.0,1
4712100,AM,0.0,1789,1,47826.0,1
4330499,SC,0.0,1790,1,278400.0,1
3319800,RJ,0.0,1791,1,270000.0,1
8129000,77003338,0.0,1792,1,430680.0,1
9529199,RS,0.0,1793,1,440000.0,1
8599603,RN,0.0,1794,1,180000.0,1
8599604,94945410,0.0,1795,1,46000.0,1
4329103,PR,0.0,1796,1,29500.0,1
5620101,RS,0.0,1797,1,21640.0,1
4743100,73970000,0.0,1798,1,8200.0,1
6399200,MG,0.0,1799,1,8640.0,1
8599603,GO,0.0,1800,1,194520.0,1
4399103,PB,0.0,1801,1,330000.0,1
8599605,RN,0.0,1802,1,150000.0,1
4789007,CE,0.0,1803,1,12000.0,1
4755503,PB,0.0,1804,1,30870.0,1
9700500,CE,0.0,1805,1,120000.0,1
8593700,SC,0.0,1806,1,112000.0,1
5611201,MA,0.0,1807,1,66000.0,1
9329899,RN,0.0,1808,1,36000.0,1
8592903,TO,0.0,1809,1,50000.0,1
3240099,SP,0.0,1810,1,160000.0,1
1093701,CE,0.0,1811,1,517000.0,1
7731400,GO,0.0,1812,1,480000.0,1
4729699,ES,0.0,1813,1,156000.0,1
3101200,76485000,0.0,1814,1,6846312.0,1
5091201,BA,0.0,1815,1,350000.0,1
1091102,TO,0.0,1816,1,390000.0,1
9529199,RO,0.0,1817,1,325000.0,1
4713002,SC,0.0,1818,1,37100.0,1
4930204,PB,0.0,1819,1,714030.0,1
8299703,TO,0.0,1820,1,6750.0,1
4789005,BA,0.0,1821,1,16400.0,1
9001902,24230540,0.0,1822,1,165000.0,1
3101200,RN,0.0,1823,1,600000.0,1
8599605,SC,0.0,1824,1,85000.0,1
4541206,RS,0.0,1825,1,126000.0,1
4789003,BA,0.0,1826,1,600000.0,1
4755502,PR,0.0,1827,1,230000.0,1
1813099,MS,0.0,1828,1,3480.0,1
1749400,PE,0.0,1829,1,35000.0,1
3832700,MG,0.0,1830,1,50000.0,1
5320202,PR,0.0,1831,1,465360.0,1
4789003,PB,0.0,1832,1,1500.0,1
8599699,DF,0.0,1833,1,0.0,1
5611203,TO,0.0,1834,1,0.0,1
4754703,RS,0.0,1835,1,165265.0,1
2349499,BA,0.0,1836,1,400000.0,1
4774100,TO,0.0,1837,1,170000.0,1
4520003,RN,0.0,1838,1,14295000.0,1
5320201,PA,0.0,1839,1,66500.0,1
4744004,GO,0.0,1840,1,27000.0,1
8599699,76305000,0.0,1841,1,259360.0,1
8299707,SP,0.0,1842,1,117600.0,1
3240099,RS,0.0,1843,1,129040.0,1
3329501,14061470,0.0,1844,1,260000.0,1
8599604,BA,0.0,1845,1,600000.0,1
7732201,75660000,0.0,1846,1,250000.0,1
8219999,74423230,0.0,1847,1,554400.0,1
9001902,15051003,0.0,1848,1,92000.0,1
5912099,TO,0.0,1849,1,385000.0,1
3220500,ES,0.0,1850,1,143000.0,1
9700500,75620000,0.0,1851,1,300000.0,1
8592903,CE,0.0,1852,1,200000.0,1
4754703,CE,0.0,1853,1,200000.0,1
4789002,75261607,0.0,1854,1,1800.0,1
4924800,37730000,0.0,1855,1,8579216.0,1
7420001,MA,0.0,1856,1,105000.0,1
8599604,RR,0.0,1857,1,120000.0,1
3313901,GO,0.0,1858,1,5500.0,1
3313901,RS,0.0,1859,1,0.0,1
8230001,75200000,0.0,1860,1,7799948.0,1
1063500,SC,0.0,1861,1,57400.0,1
1412603,RJ,0.0,1862,1,180000.0,1
8219901,BA,0.0,1863,1,2157353.0,1
5620101,MG,0.0,1864,1,512200.0,1
3314799,PR,0.0,1865,1,175245.0,1
9329899,GO,0.0,1866,1,60000.0,1
5320202,RN,0.0,1867,1,600000.0,1
3314707,PI,0.0,1868,1,436440.0,1
9512600,RN,0.0,1869,1,193500.0,1
4924800,76355000,0.0,1870,1,1008000.0,1
8599699,03182020,0.0,1871,1,65000.0,1
4729699,BA,0.0,1872,1,360000.0,1
4530703,SC,0.0,1873,1,35165000.0,1
4330403,BA,0.0,1874,1,645500.0,1
4755502,RN,0.0,1875,1,152000.0,1
8599604,ES,0.0,1876,1,35000.0,1
4789001,MS,0.0,1877,1,220000.0,1
3299099,89820000,0.0,1878,1,345000.0,1
4761003,PE,0.0,1879,1,3184812.0,1
4729699,PB,0.0,1880,1,42250.0,1
4789007,RS,0.0,1881,1,37770.0,1
8599699,TO,0.0,1882,1,380000.0,1
8712300,76360000,0.0,1883,1,400000.0,1
1351100,RS,0.0,1884,1,34800.0,1
4729699,SC,0.0,1885,1,112000.0,1
5320201,RJ,0.0,1886,1,2893416.0,1
3103900,BA,0.0,1887,1,1191315.0,1
5912099,SETOR NOSSA SENHORA DA PIEDADE,0.0,1888,1,175614.0,1
2532201,SC,0.0,1889,1,85000.0,1
3314709,SP,0.0,1890,1,110000.0,1
2740602,PR,0.0,1891,1,93645.0,1
8592902,74655130,0.0,1892,1,20300.0,1
4712100,PE,0.0,1893,1,300000.0,1
7319002,JARDIM GOIAS,0.0,1894,1,109740.0,1
4923002,PE,0.0,1895,1,300000.0,1
5813100,89221110,0.0,1896,1,22000.0,1
1813001,MS,0.0,1897,1,192350.0,1
4752100,PR,0.0,1898,1,1.0,1
9001902,COND,0.0,1899,1,35000.0,1
1813099,TO,0.0,1900,1,161200.0,1
7420004,ES,0.0,1901,1,448000.0,1
8712300,MG,0.0,1902,1,270000.0,1
4721102,76555000,0.0,1903,1,641000.0,1
4744001,DF,0.0,1904,1,0.0,1
7420002,JARDIM BELA VISTA,0.0,1905,1,270000.0,1
7420001,80035250,0.0,1906,1,64800.0,1
4520001,SC,0.0,1907,1,158330.0,1
4752100,PE,0.0,1908,1,360000.0,1
7420004,RJ,0.0,1909,1,315334.0,1
9001902,LOTE 1A,0.0,1910,1,164000.0,1
5811500,SETOR JAO,0.0,1911,1,1239000.0,1
1091101,PI,0.0,1912,1,600000.0,1
9329899,PA,0.0,1913,1,110000.0,1
4520005,RR,0.0,1914,1,1002192.0,1
4742300,MG,0.0,1915,1,1662532.0,1
1091101,RN,0.0,1916,1,312784.0,1
2330399,SP,0.0,1917,1,11800.0,1
7420004,74030071,0.0,1918,1,95000.0,1
5229002,GO,0.0,1919,1,303000.0,1
4530703,RN,0.0,1920,1,2297515.0,1
7420004,PB,0.0,1921,1,612000.0,1
4330404,PA,0.0,1922,1,579840.0,1
9001902,24914210,0.0,1923,1,195000.0,1
5812302,ES,0.0,1924,1,2514432.0,1
4763602,MG,0.0,1925,1,1077254.0,1
1749400,SE,0.0,1926,1,25000.0,1
7420001,RJ,0.0,1927,1,200000.0,1
2399101,MT,0.0,1928,1,49500.0,1
8230001,22783115,0.0,1929,1,800000.0,1
4520002,ES,0.0,1930,1,55440.0,1
4329101,RS,0.0,1931,1,14800.0,1
4721102,PI,0.0,1932,1,350000.0,1
9001902,SAMAMBAIA SUL (SAMAMBAIA),0.0,1933,1,50000.0,1
9521500,RJ,0.0,1934,1,605880.0,1
1821100,PE,0.0,1935,1,134380.0,1
8219999,76490000,0.0,1936,1,70000.0,1
8219999,76730000,0.0,1937,1,240000.0,1
8219901,RO,0.0,1938,1,100000.0,1
9001902,88301303,0.0,1939,1,80000.0,1
4772500,MG,0.0,1940,1,297000.0,1
1091101,ES,0.0,1941,1,50000.0,1
5811500,80045165,0.0,1942,1,64800.0,1
8299799,RO,0.0,1943,1,208800.0,1
4929902,MG,0.0,1944,1,16216068.0,1
5812302,BA,0.0,1945,1,555000.0,1
4763603,76280000,0.0,1946,1,165000.0,1
4789007,GO,0.0,1947,1,7400.0,1
1411801,MG,0.0,1948,1,264000.0,1
6399200,PE,0.0,1949,1,28000.0,1
4754703,PB,0.0,1950,1,268750.0,1
4751201,MS,0.0,1951,1,623720.0,1
9529104,PR,0.0,1952,1,28500.0,1
4774100,RN,0.0,1953,1,601500.0,1
9601701,SC,0.0,1954,1,50400.0,1
4330402,RS,0.0,1955,1,33500.0,1
4322301,PR,0.0,1956,1,36300.0,1
161003,PB,0.0,1957,1,184800.0,1
4724500,RS,0.0,1958,1,203360.0,1
3314702,RS,0.0,1959,1,12000.0,1
5590699,PR,0.0,1960,1,396900.0,1
8599699,88332230,0.0,1961,1,7750476.0,1
5812301,MA,0.0,1962,1,540000.0,1
4330402,GO,0.0,1963,1,26000.0,1
8230001,PI,0.0,1964,1,599000.0,1
4520006,85415000,0.0,1965,1,4058986.0,1
4923001,PA,0.0,1966,1,256500.0,1
5812301,AM,0.0,1967,1,840000.0,1
9511800,MS,0.0,1968,1,252000.0,1
5819100,65066190,0.0,1969,1,350000.0,1
4520005,PE,0.0,1970,1,86400.0,1
8599604,PE,0.0,1971,1,70000.0,1
161002,SC,0.0,1972,1,1094250.0,1
4541207,BA,0.0,1973,1,901692.0,1
4712100,75930000,0.0,1974,1,570000.0,1
9001902,40275180,0.0,1975,1,120000.0,1
9001902,95720000,0.0,1976,1,35000.0,1
4729699,14802450,0.0,1977,1,139100.0,1
7739003,76380732,0.0,1978,1,150000.0,1
8011102,RJ,0.0,1979,1,29400.0,1
2542000,MS,0.0,1980,1,55000.0,1
9001906,AL,0.0,1981,1,176000.0,1
4520007,SC,0.0,1982,1,207694.0,1
8219901,AL,0.0,1983,1,902688.0,1
4789005,MG,0.0,1984,1,100500.0,1
8299799,SP,0.0,1985,1,48000.0,1
9609206,RJ,0.0,1986,1,80000.0,1
4930204,MG,0.0,1987,1,4180000.0,1
8230002,PA,0.0,1988,1,13500.0,1
7420001,MT,0.0,1989,1,72000.0,1
